Discount_Amount,Session_Duration_Minutes,Pages_Viewed,Delivery_Time_Days,Customer_Rating
0.0,4,14,8,5
0.0,11,3,3,3
0.0,7,8,5,2
229.28,8,10,1,4
0.0,21,10,7,4
0.0,14,9,9,5
0.0,10,5,6,5
0.0,10,16,3,5
62.15,24,7,2,4
490.25,8,5,5,4
0.0,9,6,3,4
15.22,5,6,4,3
0.0,9,9,3,5
0.0,17,7,8,4
8.76,11,8,5,5
0.0,13,7,5,5
0.0,8,14,6,4
0.0,27,11,6,4
100.24,30,15,14,5
156.33,22,9,9,4
1.65,7,11,3,4
190.12,9,10,2,4
0.0,27,5,6,4
0.0,9,7,8,4
1137.7,20,7,8,5
36.98,19,13,8,5
0.0,10,7,4,5
63.68,13,10,4,5
0.0,17,6,9,5
61.33,19,12,3,5
0.0,8,6,14,2
74.6,30,13,17,5
0.0,13,8,3,4
0.0,20,7,10,5
0.0,9,10,13,2
0.0,27,7,8,5
26.42,14,9,9,5
0.0,14,11,17,4
0.0,16,9,3,3
0.0,13,6,8,5
14.33,2,8,6,5
0.0,16,4,8,4
10.69,9,10,1,4
0.0,12,7,5,4
0.0,3,6,6,3
0.0,25,7,11,4
32.66,12,4,2,5
0.0,7,11,8,4
0.0,13,13,8,5
28.42,15,12,7,4
0.0,20,7,3,4
0.0,20,12,3,5
0.0,7,9,9,5
0.0,7,14,4,4
0.0,30,10,3,3
31.05,14,11,7,4
0.0,22,10,6,3
0.0,48,10,6,5
0.0,6,8,11,1
100.41,12,10,11,3
0.0,12,9,2,2
25.45,14,9,3,4
2.71,16,14,11,5
0.0,25,14,5,4
0.0,12,9,5,4
0.0,14,4,3,5
0.0,12,12,10,3
0.0,24,13,2,4
0.0,8,11,3,5
0.0,13,9,11,4
0.0,5,10,4,3
0.0,18,8,4,5
0.0,14,9,4,4
0.0,18,9,8,5
21.55,5,12,6,3
2.11,27,8,3,3
14.0,7,7,8,4
68.97,6,11,2,5
0.0,33,10,6,5
0.0,24,9,4,5
0.0,2,10,9,5
26.14,13,10,1,5
0.0,19,12,4,2
317.69,15,5,11,4
0.0,12,12,3,5
0.0,29,5,7,5
0.0,16,5,5,4
0.0,20,6,4,3
6.36,24,10,8,5
5.89,7,6,3,3
64.61,16,11,7,4
9.04,13,8,7,5
0.0,20,7,8,5
0.0,26,9,12,5
12.05,10,6,4,4
0.0,15,12,15,4
54.51,17,9,3,5
0.0,26,11,9,4
119.5,22,7,6,4
143.61,16,11,5,2
66.97,20,13,8,5
0.0,8,10,4,2
158.19,21,7,9,3
0.0,10,7,3,5
70.35,14,10,8,4
0.0,6,7,3,2
0.0,33,8,3,2
0.0,9,5,3,5
0.0,6,11,4,3
0.0,3,6,5,5
53.91,19,9,7,1
0.0,22,7,3,4
0.0,36,10,3,5
0.0,7,5,2,4
0.0,13,10,4,5
19.5,10,8,5,3
0.0,9,10,5,5
0.0,13,12,3,5
57.46,11,10,4,4
0.0,34,8,3,4
0.0,38,5,4,4
0.0,19,8,5,3
0.0,12,4,7,5
0.0,22,10,4,2
41.69,19,9,8,5
402.1,9,14,3,5
0.0,18,8,4,3
5.54,14,7,5,2
0.0,31,13,12,5
0.0,4,7,8,4
23.2,13,9,7,4
0.0,13,13,4,3
0.0,12,6,7,5
7.16,14,8,6,4
0.0,20,6,2,2
20.83,10,2,4,2
501.44,7,5,5,4
0.0,1,5,1,5
0.0,4,8,8,2
0.0,13,11,2,5
0.0,10,9,2,5
0.0,4,7,8,2
140.57,7,9,8,3
0.0,10,6,10,4
0.0,3,13,7,4
0.0,28,6,5,5
344.88,14,3,4,4
0.0,26,8,8,3
0.0,15,7,11,1
0.0,8,5,6,3
0.0,20,9,8,1
0.0,22,12,5,5
0.0,24,12,10,5
0.0,3,8,6,5
407.84,7,10,7,5
4.19,13,10,2,5
11.32,20,5,6,4
0.0,17,7,1,5
0.0,13,5,6,4
111.92,11,9,4,1
0.0,1,6,4,4
0.0,6,8,6,3
13.77,27,9,16,4
0.0,18,10,4,5
0.0,27,10,6,4
0.0,23,11,12,5
0.0,19,7,8,4
0.0,9,15,8,5
0.0,10,7,4,5
0.0,21,13,8,5
13.38,10,3,16,4
0.0,1,11,5,4
0.0,23,8,6,1
32.09,19,9,6,3
0.0,30,11,2,5
0.0,34,9,13,5
91.42,14,12,6,4
0.0,8,12,1,3
0.0,12,9,2,5
0.0,8,6,12,3
0.0,4,5,6,4
25.02,13,12,6,4
0.0,9,8,13,5
0.0,19,9,14,5
0.0,10,6,4,5
0.0,7,13,3,4
5.01,52,7,4,4
0.0,4,7,5,5
0.0,11,14,5,5
0.0,11,7,13,4
0.0,6,11,5,4
0.0,14,10,3,5
30.78,16,8,5,1
0.0,18,11,10,3
0.0,15,14,4,5
50.97,16,9,5,2
24.28,11,13,10,2
0.0,8,7,10,4
11.91,21,13,7,1
0.0,15,5,7,5
12.25,12,5,2,2
0.0,28,8,3,5
0.0,2,10,5,5
245.44,9,8,9,4
0.0,20,5,10,1
222.93,12,6,9,5
3.14,26,8,3,4
0.0,22,9,3,5
10.25,19,7,7,5
0.0,13,10,3,2
0.0,3,5,6,4
0.0,8,15,5,1
0.0,7,7,11,4
0.0,7,5,6,2
19.58,13,13,5,5
42.15,36,10,10,3
0.0,14,10,10,5
0.0,24,6,4,3
0.0,20,6,3,4
35.67,1,12,5,5
6.69,13,6,8,3
0.0,1,14,4,4
0.0,4,3,16,5
0.0,12,6,9,5
114.28,15,9,3,5
46.14,20,6,4,5
0.0,12,11,9,4
0.0,12,10,8,5
0.0,14,12,2,5
0.0,10,7,11,5
0.0,5,8,6,4
0.0,17,15,9,5
54.02,4,7,11,5
0.0,24,9,5,4
0.0,18,11,7,1
0.0,13,7,3,4
23.31,11,12,5,4
42.36,2,11,3,5
0.0,14,10,9,1
0.0,11,8,6,5
0.0,8,8,7,5
0.0,45,7,2,5
0.0,30,10,2,4
0.0,16,11,3,4
0.0,12,9,3,5
0.0,33,10,4,4
0.0,14,13,3,4
0.0,7,7,5,5
20.45,31,9,4,2
75.17,8,7,4,2
0.0,15,5,5,3
0.0,19,12,4,5
0.0,8,15,8,4
0.0,14,4,7,5
0.0,21,16,4,3
122.08,8,10,8,5
0.0,16,11,9,1
0.0,6,12,2,3
0.0,10,8,7,4
0.0,9,10,5,1
25.0,12,3,11,2
0.0,4,8,7,4
0.0,29,9,8,3
0.0,14,12,6,4
184.33,24,10,6,4
0.0,19,8,5,5
6.23,4,9,8,3
0.0,9,17,3,3
2.36,11,9,5,1
0.0,31,4,1,4
46.12,15,7,7,5
18.47,16,10,18,2
0.0,11,7,2,2
1394.26,11,8,5,1
0.0,34,8,4,5
0.0,37,12,1,5
0.0,5,9,5,1
0.0,6,12,7,3
1.41,17,11,6,5
0.0,12,7,5,5
0.0,1,11,9,4
0.0,9,2,10,4
0.0,11,16,7,1
0.0,11,13,12,4
28.38,19,5,6,5
0.0,1,10,4,5
0.0,16,9,4,3
15.22,15,8,10,4
21.85,36,9,9,1
0.0,24,12,6,4
0.0,13,10,12,5
47.04,27,9,12,4
6.92,16,12,5,4
0.0,27,7,5,4
0.0,12,6,7,5
0.0,11,6,4,4
0.0,4,12,7,5
11.98,22,7,4,5
49.94,17,12,5,5
0.0,3,13,6,3
14.38,1,8,7,3
177.05,20,10,12,5
0.0,30,14,6,5
0.0,8,11,4,5
0.0,5,8,10,4
4.23,2,10,4,5
0.0,54,10,8,5
0.0,15,8,5,3
0.0,21,13,3,5
0.0,3,7,8,3
0.0,7,7,2,5
51.02,12,6,9,4
0.0,7,8,8,5
15.04,13,11,10,5
0.0,14,11,5,5
0.0,5,8,7,4
0.0,9,8,7,4
0.0,18,7,11,4
0.0,8,8,3,5
0.0,16,15,6,1
0.0,5,7,5,4
0.0,10,6,7,3
0.0,19,12,7,2
0.0,5,10,9,5
0.0,14,8,10,5
0.0,30,10,3,2
2.68,13,9,3,5
0.0,36,8,5,4
26.52,25,10,5,5
0.0,22,10,11,1
0.0,17,8,3,4
0.0,16,13,4,5
0.0,15,11,7,1
16.14,13,15,7,4
0.0,16,12,2,4
0.0,4,10,6,5
30.49,23,5,4,4
0.0,31,7,8,3
0.0,6,9,12,5
0.0,15,7,18,5
0.0,12,7,3,5
0.0,3,11,4,1
0.0,22,6,5,5
0.0,7,13,3,2
0.0,18,9,4,3
0.0,8,9,9,4
71.21,29,9,12,3
0.0,16,12,5,5
0.0,5,7,14,5
10.07,9,11,6,5
11.02,8,6,13,5
0.0,13,8,3,3
0.0,8,10,8,3
0.0,38,11,13,4
0.0,12,6,2,4
201.73,16,11,4,4
0.0,39,10,4,3
0.0,2,6,7,5
0.0,10,10,6,1
0.0,22,9,7,5
0.0,27,10,5,4
0.0,12,11,3,5
17.62,17,8,1,4
0.0,10,5,4,3
0.0,6,7,4,5
0.0,6,10,3,4
0.0,14,4,5,3
0.0,16,9,11,5
8.03,9,7,13,4
180.34,26,14,11,4
64.9,4,10,5,5
0.0,30,16,5,5
0.0,16,9,12,2
6.81,15,10,6,5
0.0,5,3,7,3
0.0,8,5,4,3
109.05,15,8,10,4
0.0,23,9,8,5
0.0,18,13,13,3
0.0,5,17,6,4
22.04,10,10,12,5
0.0,8,6,6,3
0.0,3,9,7,5
0.0,6,4,7,4
0.0,22,5,7,3
0.0,10,15,7,4
0.0,17,8,3,4
0.0,7,7,12,4
0.0,12,10,3,4
0.0,16,7,8,2
98.59,39,12,8,4
0.0,32,6,3,5
0.0,3,10,6,4
0.0,5,9,8,5
0.0,13,8,4,4
0.0,31,5,11,3
0.0,10,8,7,4
91.38,5,7,5,1
0.0,29,13,10,5
22.02,10,7,2,5
389.99,19,12,11,5
0.0,17,9,2,5
49.83,9,10,4,2
0.0,26,10,5,3
194.99,42,9,9,5
36.61,11,6,7,4
95.49,20,6,7,5
22.07,8,12,5,5
8.9,15,10,4,4
77.17,5,8,2,5
0.0,13,12,3,4
0.0,5,10,5,3
0.0,26,10,8,5
0.0,18,11,4,4
5.07,16,8,6,3
0.0,12,6,20,4
0.0,33,10,7,4
0.0,19,10,4,5
0.0,16,12,3,5
0.0,3,9,4,4
0.0,8,7,9,5
0.0,73,9,4,3
4.94,10,17,24,4
107.12,14,10,5,2
0.0,8,8,12,1
0.0,7,5,3,4
0.0,8,9,5,4
0.0,8,5,5,5
0.0,11,13,5,5
9.76,19,9,5,5
0.0,9,11,7,3
0.0,16,8,6,5
0.0,7,10,4,5
36.34,12,12,5,5
0.0,21,7,4,4
178.7,7,9,11,1
0.0,25,5,3,4
7.88,17,6,6,4
0.0,8,11,5,5
0.0,25,13,6,4
41.49,2,9,2,5
12.55,14,10,6,4
36.58,5,11,3,3
39.39,32,6,6,4
52.63,26,11,2,3
0.0,14,7,5,1
0.0,10,9,5,5
0.0,12,7,16,4
0.0,7,15,4,3
3.84,8,3,5,3
106.72,15,16,6,4
0.0,16,6,11,5
0.0,26,8,13,4
45.31,16,13,10,4
9.34,9,8,4,4
0.0,21,4,4,3
12.62,10,9,6,4
0.86,6,10,14,5
0.0,3,9,5,4
189.72,18,11,7,1
0.0,12,10,10,4
0.0,10,11,8,5
0.0,19,7,8,3
232.85,7,11,4,5
0.0,10,8,9,5
175.55,19,15,4,4
0.0,17,8,9,3
14.39,33,8,25,5
0.0,3,5,7,4
0.0,9,10,3,5
0.0,9,9,14,3
278.63,5,6,10,5
0.0,8,6,6,5
0.0,13,6,4,5
0.0,17,8,6,3
9.31,16,11,2,3
0.0,17,8,2,3
0.0,5,11,11,4
0.0,18,9,4,3
0.0,16,7,6,3
192.22,34,12,3,4
0.0,27,7,8,4
0.0,13,8,2,5
0.0,9,9,5,3
0.0,7,9,8,4
0.0,13,7,7,2
192.62,13,7,7,4
0.0,30,13,5,3
3.49,32,10,5,4
0.0,3,12,2,4
0.0,16,8,3,4
0.0,22,8,6,4
0.0,6,6,4,3
0.0,5,6,4,4
0.0,11,7,7,5
0.0,10,10,4,4
0.0,16,7,3,5
0.0,3,6,8,5
0.0,10,12,4,3
0.0,28,1,5,1
4.53,11,8,9,2
0.0,16,9,5,3
59.02,8,10,4,5
0.0,11,13,5,2
104.81,13,12,5,2
59.78,6,8,8,5
31.45,11,13,5,5
0.0,11,10,2,5
0.0,7,7,9,2
0.0,13,7,8,4
20.11,10,9,8,5
0.0,21,9,3,4
2.05,8,6,2,2
32.89,19,9,8,1
0.0,12,9,4,5
0.0,16,8,6,2
9.62,7,10,8,4
0.0,5,7,2,2
0.0,13,11,3,4
0.0,9,9,3,2
0.0,23,10,9,4
0.0,16,8,11,1
44.24,8,4,2,5
8.26,5,10,4,4
0.0,2,9,5,5
0.0,13,8,4,4
0.0,24,9,3,5
0.0,5,8,5,5
0.0,13,12,8,3
83.59,3,8,8,4
0.0,16,3,4,4
0.0,11,8,5,5
0.0,8,4,3,5
0.0,3,7,7,4
0.0,21,9,7,3
0.0,18,13,3,3
0.0,28,12,7,5
0.0,6,11,3,5
38.15,12,11,12,5
0.0,29,9,6,5
0.0,19,12,13,5
0.0,8,7,8,5
0.0,30,9,16,4
0.0,24,4,5,5
0.0,4,10,11,4
287.01,8,6,3,4
4.92,9,7,2,5
104.28,4,6,6,4
38.2,42,8,6,4
0.0,11,8,5,3
0.0,36,8,6,5
0.0,5,8,15,4
576.93,4,12,7,5
0.0,23,9,3,2
0.0,13,10,9,5
0.0,8,11,3,4
14.64,22,6,9,4
0.0,25,8,10,5
0.0,26,14,9,3
0.0,15,8,3,4
23.14,36,12,5,5
55.04,23,6,9,4
0.0,7,8,9,5
0.0,5,12,6,2
0.0,8,7,7,5
13.61,22,9,5,5
114.25,22,6,9,4
0.0,1,11,7,3
0.0,37,13,5,5
11.0,12,11,9,5
0.0,7,8,12,5
0.0,7,11,10,2
133.51,31,8,8,4
0.0,15,5,11,4
0.0,20,11,7,3
38.16,18,11,4,3
0.0,15,10,3,4
16.02,11,8,2,3
0.0,11,11,2,1
0.0,13,10,5,4
0.0,17,9,5,5
0.0,7,11,2,4
0.0,6,8,3,4
0.0,28,11,2,3
4.15,7,12,4,2
0.0,15,10,2,4
151.72,11,7,9,5
0.0,5,8,5,5
15.0,12,9,9,4
31.48,28,14,14,5
0.0,12,13,4,5
0.0,9,9,15,3
0.0,13,8,4,5
0.0,16,7,8,5
282.01,9,6,4,5
0.0,6,6,8,2
139.79,19,9,3,5
0.0,8,9,2,4
0.0,4,9,3,5
9.24,11,10,4,4
0.0,24,10,6,4
8.33,27,11,4,1
18.67,22,8,6,4
0.0,22,9,4,4
0.0,18,10,4,4
28.29,9,9,1,4
9.11,4,8,8,5
0.0,29,8,3,4
72.17,10,6,7,3
195.13,3,16,10,5
0.0,2,4,3,4
0.0,31,8,6,4
0.0,3,8,8,5
17.29,12,6,2,5
0.0,22,8,5,3
0.0,7,11,3,2
0.0,11,6,4,5
0.0,10,8,5,5
0.0,5,9,12,4
0.0,7,8,2,4
0.0,23,5,6,3
0.0,29,6,3,3
0.0,34,8,10,3
0.0,9,8,5,4
17.14,19,9,6,4
16.93,25,10,16,5
0.0,6,9,15,5
0.0,15,7,7,5
0.0,20,7,9,3
5.17,34,7,8,5
361.69,1,13,14,5
19.62,21,14,8,4
0.0,30,7,3,5
0.0,18,4,10,5
0.0,11,11,11,5
0.0,8,8,2,4
0.0,10,12,7,2
0.0,15,16,7,4
5.83,3,12,11,2
0.0,13,13,5,5
70.08,8,7,9,5
0.0,19,5,5,5
14.84,16,11,9,4
0.0,34,5,3,4
0.0,29,5,11,3
8.07,12,13,6,4
0.0,27,8,4,4
0.0,26,4,11,3
0.0,14,10,2,5
8.44,16,9,6,3
0.0,5,6,2,5
0.0,14,15,3,5
0.0,8,11,4,3
0.0,27,5,3,2
0.0,6,10,4,3
0.0,18,11,11,4
0.0,17,7,7,4
0.0,12,10,12,2
0.0,12,12,7,5
0.0,19,13,6,4
0.0,10,16,3,5
32.39,17,8,8,3
0.0,21,8,9,5
0.0,38,11,5,4
2.2,7,6,4,5
0.0,13,12,3,4
41.86,29,8,6,4
0.0,1,8,9,4
0.0,22,4,9,5
0.0,23,10,6,4
0.0,14,7,8,4
0.0,17,10,6,4
0.0,16,9,8,5
0.0,5,10,5,5
64.83,14,7,7,4
0.0,18,10,13,5
0.0,15,8,7,5
0.0,21,5,11,4
0.0,19,11,4,5
36.19,11,14,11,4
35.73,15,9,8,5
0.0,9,8,5,4
0.0,5,9,11,4
0.0,1,10,14,4
0.0,16,9,13,2
0.0,24,8,5,4
0.0,7,6,5,4
0.0,5,13,6,2
0.0,21,6,6,3
12.39,21,16,4,4
43.75,14,11,6,4
4.56,8,8,2,2
5.83,12,10,4,3
102.78,5,8,5,5
0.0,27,10,3,4
0.0,19,10,5,4
29.33,29,12,6,5
260.97,7,9,9,3
14.07,7,9,15,5
0.0,12,9,11,4
0.0,26,8,4,4
0.0,15,11,2,5
0.0,5,7,2,2
155.64,27,9,4,3
13.24,15,9,2,4
50.86,19,10,9,1
0.0,5,8,7,3
29.7,13,8,2,5
0.0,5,13,11,5
0.0,21,7,3,4
19.84,24,8,6,5
23.51,17,13,3,4
778.25,15,7,6,5
0.0,9,10,4,3
22.6,14,5,5,4
0.0,9,10,8,3
7.36,42,6,6,3
0.0,32,7,11,4
0.0,10,8,4,5
0.0,26,13,3,4
0.0,7,9,4,3
4.49,2,10,4,1
0.0,5,8,6,5
0.0,5,6,6,4
0.0,8,8,6,2
0.0,18,13,9,3
6.6,15,5,5,3
5.65,28,9,4,4
0.0,11,10,6,3
0.0,12,10,6,4
78.58,21,13,8,5
37.61,13,5,10,5
0.0,19,8,6,2
0.0,38,12,4,2
0.0,5,13,3,4
0.0,2,9,3,1
0.0,8,8,6,4
0.0,10,8,10,3
0.0,26,9,10,4
0.0,10,8,7,4
0.0,25,8,7,5
0.0,15,10,14,3
0.0,18,11,11,4
0.0,14,8,3,5
5.31,9,7,8,5
0.0,14,7,2,4
76.31,9,9,8,5
0.0,15,7,5,5
0.0,19,20,8,4
0.0,3,10,2,1
0.0,8,11,5,5
9.21,16,9,5,5
11.84,36,7,7,4
3.16,17,6,7,3
0.0,35,7,9,5
0.0,10,12,4,5
0.0,19,12,4,4
0.0,18,11,8,3
0.0,6,6,4,3
3.61,11,11,5,3
0.0,4,13,5,1
0.0,3,8,19,3
7.33,21,9,2,3
0.0,13,9,7,2
62.18,13,9,2,3
244.04,22,14,7,5
0.0,9,14,3,5
21.04,24,12,2,5
0.0,10,10,5,1
0.0,7,6,8,4
38.28,17,9,8,5
0.0,7,10,8,3
0.0,15,8,7,5
0.0,11,8,3,4
0.0,12,8,9,2
0.0,11,7,3,4
3.57,10,12,5,5
9.13,15,9,1,2
0.0,12,11,5,5
0.0,14,19,7,3
119.6,24,6,3,5
0.0,31,10,11,5
0.0,20,10,5,5
0.0,25,10,1,4
0.0,8,4,5,4
0.0,23,6,9,3
0.0,16,4,1,4
0.0,11,10,1,5
0.0,8,10,5,5
0.0,9,12,6,2
51.82,25,8,6,2
0.0,18,11,10,5
0.0,10,10,7,4
19.25,30,11,7,5
101.45,15,7,5,5
0.0,15,5,9,2
14.62,30,8,3,5
0.0,17,6,4,3
11.12,12,6,6,4
27.47,24,8,4,3
251.83,2,8,12,3
0.0,34,12,7,4
0.0,20,7,13,4
0.0,27,7,5,4
0.0,11,5,10,4
16.42,15,10,8,5
0.0,1,12,2,5
409.09,11,7,10,5
0.0,3,12,5,1
0.0,2,6,10,2
0.0,40,14,6,5
0.0,7,8,5,3
0.0,8,10,3,5
0.0,8,14,2,2
0.0,30,8,8,5
0.0,21,8,2,3
753.67,13,13,6,4
0.0,6,9,11,1
158.27,22,12,13,5
0.0,11,8,10,5
0.0,24,11,16,4
0.0,10,6,4,2
6.2,5,6,6,3
0.0,13,11,4,5
172.45,10,7,5,5
267.57,23,4,2,3
0.0,30,10,4,3
2.21,11,3,6,5
45.44,17,8,5,3
0.0,10,11,5,5
0.0,10,8,7,5
0.0,3,14,4,5
0.0,21,5,15,5
0.0,22,8,5,5
0.0,9,5,3,4
0.0,7,8,2,4
0.0,27,12,9,4
30.41,28,12,8,4
305.11,19,7,4,4
0.0,27,12,6,5
0.0,4,8,12,4
0.0,30,7,12,5
0.0,14,19,6,5
0.0,3,8,6,5
0.0,9,5,6,5
8.32,6,8,7,5
257.57,5,9,5,4
10.92,7,7,7,4
0.0,5,9,7,4
0.0,14,8,6,5
0.0,8,8,9,5
0.0,12,10,8,4
0.0,5,9,2,4
0.0,15,10,2,5
9.46,21,6,3,2
0.0,8,10,9,4
0.0,9,9,11,5
0.0,16,12,8,5
51.24,15,10,4,2
5.27,13,11,5,5
10.45,16,11,6,4
0.0,11,5,4,5
0.0,6,9,7,3
0.0,13,7,6,2
0.0,10,9,5,3
30.22,8,7,6,5
0.0,5,8,3,4
0.0,10,12,5,4
0.0,5,5,6,5
0.0,11,13,8,5
0.0,15,10,6,4
0.0,19,8,5,3
8.74,9,8,4,5
0.0,20,18,3,3
8.01,6,9,2,1
0.0,15,11,3,5
0.0,12,9,4,5
29.52,27,6,8,4
0.0,5,9,18,4
0.0,9,15,3,5
0.0,9,13,2,5
0.0,16,9,15,5
0.0,9,7,3,2
0.0,23,8,5,3
0.0,28,10,4,5
9.5,9,10,12,5
0.0,4,8,5,4
0.0,11,12,7,4
0.0,9,11,3,4
36.31,9,11,5,5
0.0,12,11,10,4
0.0,9,10,4,4
0.0,9,9,6,5
0.0,14,6,10,4
0.0,14,10,6,3
95.13,12,14,6,5
55.16,20,11,4,2
0.0,22,9,6,4
6.1,5,8,4,4
144.07,30,9,8,3
2.42,11,8,6,4
0.0,11,10,6,3
0.0,7,2,3,3
0.0,5,6,22,3
0.0,25,11,3,5
0.0,12,10,8,3
0.0,24,5,4,3
0.0,5,10,3,5
0.0,15,6,6,3
2.11,20,9,7,1
0.0,7,13,8,4
6.27,15,9,11,5
0.0,4,9,7,5
26.91,8,12,3,5
0.0,20,7,5,3
0.0,13,7,10,4
0.0,25,9,4,5
0.0,15,9,8,3
0.0,22,8,12,4
0.0,14,13,5,5
0.0,9,6,6,4
0.0,4,17,8,4
0.0,14,6,4,4
38.08,4,11,4,5
0.0,20,8,3,5
0.0,9,8,3,4
0.0,22,8,6,5
0.0,12,10,4,5
0.0,17,12,2,4
46.65,21,12,13,5
0.0,7,10,14,5
0.0,6,12,4,4
0.0,21,6,9,2
0.0,32,6,7,4
20.93,9,5,3,5
0.0,36,5,3,5
0.0,22,4,8,5
7.65,18,7,15,4
0.0,16,8,14,5
0.0,8,7,7,4
138.46,14,5,6,2
0.0,18,6,6,3
0.0,5,7,8,4
76.13,14,9,4,4
0.0,9,10,9,3
0.0,12,12,6,5
0.0,2,10,4,5
1.23,10,10,4,5
0.0,32,11,13,5
0.0,30,8,7,3
12.37,11,8,6,5
0.0,11,15,10,2
0.0,9,8,5,5
0.0,29,8,6,3
0.0,11,9,5,2
0.0,14,6,7,3
60.58,12,9,3,2
339.15,8,9,5,5
55.43,30,9,5,3
0.0,11,12,6,3
0.0,18,6,10,1
0.0,16,5,10,5
0.0,15,11,10,1
0.0,5,12,13,4
0.0,33,9,10,5
0.0,17,8,10,5
0.0,6,14,6,4
70.66,3,12,4,3
25.85,3,9,6,5
0.0,7,10,5,5
0.0,25,8,6,4
25.72,13,7,7,3
0.0,11,14,2,4
65.99,6,10,6,5
0.0,13,9,3,5
0.0,6,10,3,5
0.0,17,9,3,2
0.0,11,5,9,5
0.0,28,5,9,5
0.0,22,11,7,3
47.38,5,7,7,5
0.0,11,9,12,4
0.0,31,5,3,4
0.0,13,9,5,5
25.22,14,9,4,4
26.54,14,11,7,1
0.0,12,10,3,4
0.0,13,6,6,5
0.0,13,11,6,1
0.0,13,8,2,2
0.0,4,12,8,5
0.0,6,5,9,5
0.0,25,10,6,5
0.0,7,9,6,5
0.0,9,7,7,5
0.0,10,10,8,5
0.0,17,8,2,4
77.65,9,8,4,4
0.0,18,11,6,2
0.0,15,8,10,5
0.0,57,11,6,5
0.0,9,6,11,1
0.0,13,10,6,2
0.0,6,11,13,4
42.6,16,7,3,4
108.31,5,11,6,3
0.0,18,16,4,5
0.0,21,9,5,2
29.65,22,8,3,5
0.0,2,8,3,5
0.0,8,5,8,4
0.0,13,10,3,2
0.0,6,10,8,5
6.39,13,7,4,3
0.0,10,9,12,5
37.41,28,10,6,4
22.46,22,5,7,2
0.0,10,17,11,4
0.0,32,10,8,5
199.21,19,7,5,5
5.23,20,9,8,5
0.0,15,8,5,4
6.02,16,12,13,3
1.87,15,11,4,5
25.68,13,10,6,4
55.51,12,17,9,5
0.0,6,14,3,4
0.0,19,6,8,4
0.0,14,13,7,5
0.0,17,10,18,2
0.0,15,4,6,2
0.0,17,9,6,4
0.0,18,13,7,5
0.0,15,7,9,2
0.0,9,12,2,4
32.67,18,8,7,4
80.12,12,10,9,2
33.82,19,9,7,5
0.0,19,11,4,5
5.19,18,5,4,4
0.0,13,11,11,4
0.0,13,6,9,5
20.04,7,7,2,5
0.0,20,9,5,4
32.22,6,7,5,5
88.56,24,13,5,4
13.58,24,9,4,5
0.0,8,10,8,1
0.0,33,8,4,3
0.0,15,9,5,2
23.71,19,5,6,4
180.66,2,7,12,2
87.24,8,7,8,5
5.79,19,12,7,5
0.0,9,4,6,5
0.0,12,6,5,4
3.2,22,9,3,5
81.61,5,12,4,4
0.0,17,15,4,4
7.77,21,6,14,5
0.0,3,1,10,2
0.0,11,6,2,5
0.0,7,5,8,4
0.0,7,11,7,5
0.0,10,6,3,5
0.0,20,7,8,5
12.88,14,11,9,4
0.0,23,7,14,4
0.0,11,7,3,4
0.0,24,11,5,5
0.0,21,12,3,4
74.95,16,6,9,4
0.0,3,8,6,4
8.7,8,11,6,4
0.0,14,7,16,4
0.0,19,9,4,2
0.0,17,10,5,4
14.33,9,8,4,5
0.0,22,4,4,5
0.0,20,15,3,4
0.0,15,6,3,2
0.0,14,11,5,5
0.0,3,14,6,4
54.15,7,8,4,4
0.0,4,12,7,3
8.43,12,7,8,1
68.33,13,13,3,2
20.65,9,10,6,5
0.0,17,7,3,5
601.34,12,4,6,4
0.0,12,8,8,4
0.0,6,9,7,5
0.0,21,9,4,5
0.0,4,13,7,5
0.0,24,9,11,2
0.0,9,5,17,2
0.0,9,9,8,5
2.99,9,10,2,4
0.0,27,7,8,4
0.0,15,7,9,3
63.08,17,10,8,5
0.0,26,10,12,3
0.0,8,10,3,5
3.84,11,7,2,4
0.0,14,6,6,4
0.0,21,3,10,5
0.0,10,7,4,5
0.0,15,4,4,2
0.0,14,11,6,3
0.0,8,5,9,2
0.0,10,9,9,5
28.9,8,8,4,5
0.0,10,9,20,5
0.0,10,4,9,4
0.0,37,7,12,4
0.0,12,8,3,5
2.83,8,10,9,4
0.0,3,11,6,3
0.0,26,10,5,5
0.0,20,7,6,4
0.0,7,7,12,5
0.0,17,9,7,4
0.0,16,10,4,4
0.0,30,11,5,4
0.0,15,14,12,3
0.0,7,14,10,5
0.0,10,8,13,3
0.0,19,11,4,5
0.0,21,12,12,1
28.04,14,13,4,5
100.25,2,9,5,3
0.0,21,6,7,3
0.0,8,9,3,5
0.0,10,7,8,3
23.0,16,10,7,4
296.72,14,6,4,5
7.88,6,11,8,2
0.0,6,9,12,4
19.58,3,6,3,3
65.53,15,13,7,3
0.0,10,4,12,5
0.0,13,10,3,3
245.15,14,7,3,5
0.0,16,8,9,4
0.0,6,8,7,2
0.0,13,9,7,5
0.0,13,5,5,5
0.0,7,7,10,4
0.0,8,10,5,4
0.0,4,7,5,5
0.0,12,5,8,5
19.47,20,8,4,4
0.0,18,11,3,2
0.0,3,15,3,5
0.0,21,8,11,4
77.82,17,5,4,4
15.74,29,8,9,4
0.0,8,11,7,4
67.66,30,12,10,4
11.25,15,10,5,2
29.61,6,9,9,3
18.55,22,12,4,4
9.44,7,10,6,4
0.0,2,11,6,1
0.0,11,6,4,4
0.0,9,4,6,1
0.0,12,5,7,3
18.27,8,11,4,4
0.0,19,9,5,4
171.78,7,7,3,5
0.0,10,9,10,3
8.64,18,12,6,4
0.0,11,9,10,4
0.0,6,8,2,2
146.22,13,6,6,4
0.0,11,7,8,4
0.0,26,8,10,3
0.0,18,6,7,4
0.0,11,8,7,2
0.0,30,10,19,5
0.0,22,10,5,4
62.85,24,16,6,5
0.0,10,6,3,3
0.0,16,9,10,5
0.0,7,5,15,5
0.0,10,12,11,4
152.68,14,5,2,4
41.78,6,5,3,2
10.24,9,7,5,5
0.0,24,9,5,4
0.0,6,11,7,4
0.0,11,4,5,5
0.0,7,13,3,5
0.0,10,9,3,5
0.0,9,7,5,3
0.0,11,8,2,5
0.0,1,14,4,2
0.0,9,10,11,4
8.92,19,13,2,3
0.0,24,6,6,5
0.0,4,14,3,5
0.0,5,10,7,1
0.0,15,9,3,5
0.0,39,9,11,4
0.0,3,11,6,5
0.0,21,6,3,4
0.0,12,10,6,2
36.65,16,5,4,5
0.0,6,8,11,5
0.0,29,6,4,4
0.0,12,6,4,5
0.0,10,10,8,5
261.34,6,6,5,4
0.0,12,11,11,5
0.0,5,10,8,3
0.0,2,6,6,3
0.0,21,10,12,4
217.14,20,5,13,5
369.02,9,11,6,3
21.45,11,9,6,5
1.28,12,12,6,2
0.0,6,9,3,5
15.99,11,10,6,4
87.78,21,8,3,4
0.0,47,9,6,5
0.0,22,6,5,5
0.0,18,9,4,5
0.0,7,11,5,5
0.0,9,7,4,1
0.0,18,7,7,5
0.0,28,11,8,4
0.0,7,7,3,5
0.0,30,8,4,4
0.0,18,6,8,5
0.0,26,9,6,5
0.0,18,14,4,4
118.7,47,8,11,4
0.0,10,7,2,5
0.0,16,3,12,2
89.75,24,11,6,4
0.0,13,15,2,4
4.64,7,9,2,5
0.0,18,12,9,4
223.13,6,10,10,4
0.0,12,5,10,5
0.0,6,10,10,4
0.0,5,8,4,5
13.6,8,11,3,5
24.02,19,15,14,4
0.0,5,11,10,4
10.03,10,11,3,4
63.06,14,10,4,2
0.0,1,10,10,4
0.0,16,9,12,3
0.0,12,6,5,3
84.22,14,6,2,5
0.0,10,10,6,5
0.0,15,5,5,5
0.0,5,3,6,4
0.0,24,9,5,2
0.0,23,11,4,4
0.0,7,11,4,4
0.0,8,7,3,4
0.0,7,7,8,5
0.0,12,6,11,4
0.0,6,11,2,4
6.71,21,11,20,2
18.64,14,7,5,5
14.08,5,12,6,3
0.0,4,12,11,5
0.0,9,10,4,5
0.0,10,11,2,5
51.66,10,10,6,4
0.0,14,3,8,4
61.68,12,11,15,5
0.0,33,7,4,5
283.82,17,8,3,3
0.0,12,10,12,4
99.46,12,12,8,3
0.0,6,13,13,5
0.0,15,11,7,2
0.0,19,7,8,4
13.36,18,7,11,3
14.26,35,12,3,5
0.0,14,11,5,5
8.66,11,6,10,5
0.0,24,10,9,4
0.0,8,9,6,2
0.0,17,5,4,5
0.0,26,12,6,4
71.36,21,12,4,4
6.33,17,12,12,4
0.0,12,12,6,3
0.0,3,8,12,4
0.0,15,7,3,1
0.0,7,6,10,2
0.0,9,6,4,5
93.81,7,3,5,5
0.0,4,13,8,2
2.46,13,8,7,2
0.0,7,9,9,3
0.0,20,14,5,2
29.89,4,4,4,3
0.0,8,9,3,4
0.0,16,6,7,3
0.0,20,14,9,2
0.0,12,10,6,5
0.0,16,6,5,3
0.0,11,12,5,3
0.0,14,8,4,4
0.0,8,8,2,5
19.68,3,12,3,2
0.0,10,7,11,5
81.4,18,9,4,5
58.54,31,9,2,2
0.0,7,7,2,5
0.0,18,11,5,5
0.0,14,5,5,4
132.82,40,11,9,4
0.0,22,12,8,4
0.0,3,8,11,4
0.0,13,6,4,5
0.0,9,7,8,5
0.0,13,5,9,5
24.83,10,9,8,4
315.31,13,10,4,4
14.47,16,15,7,3
0.0,16,13,4,2
0.0,18,8,7,3
238.92,10,5,4,1
0.0,23,7,1,3
0.0,33,7,6,3
0.0,17,9,4,5
0.0,9,6,14,1
0.0,15,8,5,3
59.37,8,17,4,5
14.15,16,12,4,2
11.43,7,16,5,5
0.0,12,11,13,4
657.32,14,8,5,4
51.27,7,10,14,4
0.0,9,8,10,5
48.73,3,6,8,4
0.0,21,6,6,1
0.0,14,3,2,5
0.0,12,13,10,5
0.0,17,6,10,4
0.0,15,6,8,5
0.0,9,13,11,5
0.0,5,11,10,2
0.0,22,15,5,4
0.0,34,9,6,3
0.0,30,11,3,5
31.99,17,7,5,5
0.0,16,8,7,5
22.76,9,7,15,5
0.0,12,16,4,5
0.0,15,4,10,4
54.77,17,11,12,5
11.01,15,14,8,4
0.0,11,11,7,4
0.0,8,13,5,5
19.59,29,8,6,4
0.0,18,6,3,5
0.0,14,5,7,5
12.18,24,7,15,5
69.89,3,9,18,5
143.6,17,12,6,4
0.0,30,13,17,4
0.0,2,9,9,5
286.99,28,13,3,4
0.0,8,9,5,2
0.0,19,11,8,5
0.0,12,10,5,3
0.0,14,11,9,4
0.0,10,3,7,4
0.0,9,13,7,2
0.0,33,7,12,4
36.8,3,4,3,4
0.0,8,9,7,5
0.0,2,5,12,3
0.0,2,6,5,4
68.11,26,9,9,5
0.0,27,10,9,4
0.0,18,7,12,4
0.0,12,8,2,2
35.44,15,11,8,4
12.0,10,5,12,3
0.0,12,8,9,4
28.58,13,11,4,5
23.34,6,7,8,4
0.0,7,8,8,1
0.0,17,9,5,5
0.0,1,8,9,2
0.0,5,10,9,4
0.0,11,7,5,2
0.0,13,6,9,4
0.0,15,12,5,3
76.78,15,8,3,3
0.0,17,9,8,4
65.57,27,9,4,2
0.0,15,6,5,2
0.0,12,12,7,4
0.0,6,4,5,2
0.0,27,11,15,4
0.0,4,7,6,4
0.0,8,10,7,5
280.79,15,5,4,5
0.0,3,13,6,5
422.24,7,12,1,5
0.0,16,12,12,5
68.14,9,14,13,4
0.0,23,7,7,5
77.46,7,9,3,4
0.0,17,13,3,3
0.0,13,7,8,4
0.0,11,11,11,5
0.0,34,8,3,5
0.0,15,6,3,5
0.0,18,13,10,4
0.0,28,11,6,4
45.0,10,8,6,3
0.0,13,8,11,4
423.06,4,14,5,4
4.43,4,12,2,4
0.0,14,9,9,4
0.0,21,8,7,4
0.0,19,12,7,4
28.05,13,5,6,4
0.0,36,11,16,5
0.0,15,13,6,5
0.0,16,9,10,4
0.0,3,7,1,1
0.0,22,3,4,1
0.0,16,6,10,4
0.0,22,5,2,4
0.0,20,10,4,4
0.0,14,9,6,4
0.0,17,12,7,5
0.0,36,14,5,4
0.0,6,12,8,4
93.15,8,8,6,5
0.0,21,11,3,2
0.0,4,10,7,3
0.0,9,6,14,4
0.0,10,6,3,3
2.61,42,13,5,3
50.47,18,7,12,4
129.17,16,11,2,3
0.0,9,14,6,1
0.0,6,8,9,5
12.49,20,10,5,5
0.0,14,13,4,5
0.0,36,7,10,5
9.88,20,6,4,4
0.0,21,9,4,5
0.0,14,8,6,4
80.43,4,10,4,3
0.0,10,7,5,4
0.0,11,12,11,4
12.67,13,14,6,4
0.0,13,6,5,4
9.03,7,3,8,4
26.44,12,10,5,4
0.0,13,11,4,5
0.0,23,9,14,5
0.0,7,9,11,2
30.29,10,9,11,2
0.0,5,16,4,3
3.85,9,11,9,4
3.11,13,5,11,5
0.0,7,8,5,5
0.0,7,11,4,5
0.0,29,6,3,5
78.23,4,7,10,3
0.0,14,9,5,5
0.0,28,11,10,5
0.0,19,8,7,3
0.0,13,9,9,4
11.47,9,6,5,4
37.66,28,10,2,4
0.0,25,7,2,5
0.0,24,14,9,2
0.0,15,9,11,3
17.64,21,5,8,5
0.0,10,8,4,5
0.0,35,13,8,5
0.0,5,8,10,5
0.0,8,12,10,4
1.62,3,10,5,5
0.0,23,7,6,5
0.0,12,8,9,4
15.14,13,10,6,5
10.37,10,16,3,4
0.0,19,7,2,4
0.0,20,5,9,4
0.0,48,8,3,4
0.0,13,7,3,3
0.0,19,12,8,3
0.0,7,3,12,3
0.0,13,8,15,4
0.0,10,5,5,4
55.31,15,10,4,4
0.0,8,10,7,4
9.26,5,9,6,3
0.0,25,9,5,4
0.0,34,6,7,4
0.0,9,4,9,5
9.67,23,7,2,4
0.0,23,11,15,4
332.87,20,12,16,5
32.0,5,12,3,4
0.0,10,8,10,4
0.0,13,5,7,4
0.0,33,14,15,3
0.0,28,9,17,4
0.0,18,12,5,5
0.0,4,3,2,4
0.0,6,9,10,1
0.0,12,11,8,4
0.0,4,11,4,4
24.74,12,7,4,5
20.92,13,6,7,5
83.42,7,10,3,4
0.0,23,17,7,5
11.1,20,10,10,4
0.0,7,10,2,4
0.0,17,8,2,5
0.0,7,9,7,4
0.0,31,12,11,5
113.51,8,10,3,4
111.31,31,7,5,5
0.0,12,8,2,5
10.98,27,3,10,3
108.63,15,8,1,5
0.0,14,5,2,3
0.0,12,8,10,4
0.0,33,9,6,3
0.0,12,7,4,3
0.0,32,11,3,2
0.0,7,9,8,2
0.0,9,8,6,5
0.0,7,11,1,1
0.0,8,11,5,5
0.0,9,13,6,5
0.0,41,7,9,5
21.33,13,9,9,4
7.49,20,16,5,5
52.8,34,12,9,5
0.0,14,7,1,2
336.58,13,7,4,4
0.0,7,9,4,5
0.0,20,14,7,4
0.0,5,16,7,4
1.34,5,6,3,2
166.59,12,9,6,5
0.0,35,8,13,5
9.93,17,9,2,5
0.0,8,8,11,5
19.04,8,7,2,5
27.29,28,6,7,5
3.48,12,9,4,4
0.0,10,7,3,4
0.0,7,7,6,4
0.0,10,11,18,3
33.91,10,10,3,5
33.4,12,10,4,3
8.16,9,11,4,4
0.0,23,8,6,3
0.0,4,8,3,4
6.04,16,8,5,4
2.91,8,8,11,2
21.67,5,9,6,4
0.0,10,6,6,4
0.0,4,4,5,3
83.74,14,6,8,2
0.0,25,11,4,4
24.31,54,14,10,4
0.0,20,8,21,5
0.0,19,6,6,4
0.0,18,13,6,4
20.19,5,9,9,3
0.0,14,11,6,5
73.73,7,6,3,5
0.0,6,6,4,4
94.71,16,7,5,2
55.07,19,6,11,5
0.0,8,11,7,5
99.1,11,7,9,4
21.31,39,8,9,4
13.16,23,7,3,4
0.0,24,13,7,4
0.0,12,6,6,3
36.84,17,11,11,3
0.0,17,11,3,1
0.0,10,16,10,5
0.0,5,10,10,5
24.28,8,8,11,4
12.37,27,8,6,5
28.16,14,8,4,5
0.0,10,8,3,5
14.37,16,8,4,5
0.0,15,9,3,5
0.0,13,15,10,2
0.0,28,10,11,4
0.0,2,13,10,4
0.0,26,5,6,5
0.0,15,9,6,2
0.0,12,14,10,2
0.0,4,9,10,5
0.0,21,7,2,5
0.0,13,7,8,3
595.11,14,13,5,3
0.0,15,10,6,3
0.0,2,5,8,4
0.0,9,8,6,4
3.88,8,6,5,4
0.0,13,8,10,4
46.33,20,9,9,3
12.15,13,9,3,5
23.04,21,7,9,5
16.01,19,7,10,3
23.97,12,16,5,2
0.0,11,7,4,4
0.0,10,5,3,5
0.0,3,6,4,1
0.0,10,6,5,4
0.0,11,7,2,4
11.01,12,11,11,3
31.71,7,6,7,3
0.0,19,9,4,5
0.0,20,8,7,4
92.91,8,13,2,4
0.0,10,6,9,2
0.0,16,10,12,3
0.0,9,5,6,4
59.09,14,11,5,2
0.0,3,6,12,2
0.0,31,5,6,5
0.0,18,10,6,4
0.0,19,13,5,4
14.83,9,6,2,4
4.63,17,6,18,5
46.11,16,8,7,3
0.0,3,8,6,5
0.0,5,8,11,4
48.83,8,4,5,3
0.0,3,13,14,5
0.0,9,11,5,5
0.0,22,8,6,4
36.8,8,15,8,1
0.0,9,13,5,5
0.0,4,8,7,4
61.57,15,18,3,5
0.0,13,8,8,4
0.0,13,8,5,4
0.0,5,8,6,5
0.0,7,10,6,4
0.0,27,9,7,5
3.78,8,7,11,4
0.0,11,5,6,5
0.0,18,10,6,4
0.0,6,8,7,4
0.0,12,12,16,4
0.0,18,6,2,3
0.0,19,9,25,2
77.57,11,6,9,4
0.0,8,13,6,4
0.0,15,11,5,4
0.0,17,13,11,5
0.0,2,11,5,3
0.0,14,14,9,4
0.0,18,6,7,3
215.85,20,5,4,4
0.0,10,8,2,3
51.02,23,8,9,4
0.0,8,12,13,5
0.0,26,9,12,4
14.38,29,9,13,5
0.0,33,9,11,5
0.0,10,9,4,5
0.0,6,12,5,5
0.0,12,7,10,3
0.0,22,7,8,4
20.81,16,8,6,3
27.05,11,6,12,1
0.0,12,7,12,4
0.0,4,9,3,5
0.0,23,10,3,4
0.0,14,9,2,4
100.1,4,9,10,5
0.0,41,7,4,5
323.25,28,7,6,4
88.84,17,8,5,5
4.79,26,6,5,4
0.0,14,6,2,4
0.0,5,9,7,3
0.0,8,6,5,2
0.0,15,12,6,3
0.0,5,6,9,4
0.0,11,7,7,5
0.0,21,12,4,3
0.0,35,11,7,5
0.0,22,13,10,4
0.0,2,7,3,4
91.08,4,6,8,3
0.0,8,9,1,2
0.0,14,10,17,4
0.0,24,9,6,3
18.49,10,9,12,4
15.11,6,9,16,4
0.0,42,11,5,4
33.8,28,10,7,1
0.0,12,9,10,4
0.0,5,8,4,4
0.0,26,8,5,5
0.0,11,9,9,4
0.0,14,11,7,4
92.85,8,14,5,5
0.0,18,8,12,4
0.0,8,10,10,5
4.53,7,5,7,5
0.0,6,9,3,4
170.55,4,9,6,4
0.0,7,9,10,4
0.0,11,9,7,5
0.0,8,10,7,4
0.0,11,6,3,4
0.0,45,8,5,5
0.0,20,7,5,4
0.0,23,8,7,5
0.0,13,7,7,2
0.0,11,4,7,4
72.83,10,10,2,3
0.0,8,9,6,5
0.0,9,7,3,4
0.0,33,8,12,5
0.0,11,5,6,4
0.0,15,6,2,1
0.0,18,5,12,4
0.0,13,7,13,4
0.0,6,7,7,5
34.23,18,12,1,3
0.0,30,14,7,4
0.0,10,9,11,2
0.0,10,7,8,2
0.0,3,12,7,4
0.0,7,8,2,4
0.0,8,10,8,5
0.0,13,6,2,1
0.0,20,7,2,4
0.0,16,5,3,4
0.0,19,19,6,4
21.65,5,6,7,1
0.0,9,5,4,4
0.0,12,8,5,5
0.0,10,7,5,4
0.0,8,13,8,5
0.0,10,11,6,5
0.0,6,7,3,4
0.0,8,9,5,4
0.0,2,13,6,4
48.33,6,8,8,4
0.0,11,8,2,2
0.0,10,11,2,3
56.56,20,5,5,3
0.0,20,13,4,4
0.0,18,10,2,1
78.44,11,6,12,5
21.91,4,9,5,3
0.0,11,7,6,5
0.0,25,11,10,5
0.0,24,8,1,4
0.0,48,7,12,4
20.37,25,8,8,5
41.12,11,9,4,4
0.0,8,8,5,2
0.0,4,6,4,4
0.0,4,10,6,2
20.77,4,14,6,5
0.0,18,12,3,4
10.0,15,11,11,3
0.0,12,12,2,2
0.0,11,8,4,4
1068.79,15,10,5,5
0.0,28,13,6,4
0.0,16,10,3,1
0.0,6,6,9,5
0.0,15,12,6,5
0.0,26,7,4,5
0.0,1,8,10,5
103.53,9,12,4,3
0.0,22,4,3,4
0.0,23,10,9,5
7.54,11,11,3,5
0.0,11,9,5,3
0.0,10,8,5,5
0.0,9,5,5,5
0.0,7,9,10,3
0.0,32,9,2,5
0.0,16,10,4,2
0.0,9,9,4,5
0.0,1,10,5,5
0.0,9,9,14,2
0.0,11,9,9,3
0.0,13,11,7,5
109.27,4,8,4,5
8.32,15,7,7,1
0.0,14,5,15,5
0.0,22,10,5,4
12.01,7,11,4,4
0.0,22,10,6,5
0.0,16,7,5,4
0.0,8,9,1,2
0.0,19,8,1,1
275.17,4,13,6,1
117.7,6,10,7,4
0.0,21,10,6,2
91.72,9,10,4,5
191.57,13,6,5,5
0.0,8,11,2,3
0.0,17,11,5,4
0.0,10,12,6,4
0.0,20,8,4,4
0.0,33,9,5,3
13.74,23,11,1,5
0.0,16,13,5,3
117.56,21,9,4,4
0.0,23,7,7,5
0.0,12,8,7,2
0.0,15,14,4,5
4.69,8,6,11,5
20.08,2,5,6,2
0.0,20,9,8,5
0.0,10,11,7,3
0.0,22,6,2,5
0.0,17,7,4,3
0.0,6,12,5,5
0.0,19,7,5,3
63.44,22,9,4,5
0.0,7,8,3,3
8.24,21,11,2,5
3.55,11,9,2,1
0.0,21,8,6,5
0.0,13,8,10,4
104.29,12,11,6,5
0.0,15,9,11,5
0.0,3,7,5,5
0.0,23,11,4,5
0.0,16,16,5,4
0.0,18,12,5,5
26.1,7,7,5,5
0.0,25,7,8,3
0.0,4,7,3,5
0.0,22,10,10,4
38.46,12,6,7,5
0.0,4,4,6,2
45.0,28,4,23,4
0.0,23,9,3,4
0.0,11,2,6,4
0.0,23,10,3,5
0.0,8,7,7,3
0.0,10,10,6,1
0.0,11,8,10,5
0.0,30,5,13,4
0.0,18,7,7,4
20.14,43,7,11,3
0.0,23,10,4,5
0.0,24,16,2,4
20.06,18,11,5,5
0.0,22,16,8,1
0.0,4,5,4,5
494.05,2,15,16,5
0.0,7,11,2,5
0.0,14,4,4,5
0.0,33,9,9,5
0.0,2,7,3,2
0.0,26,10,2,5
16.97,16,8,5,5
0.0,4,4,9,2
3.45,1,6,9,4
0.0,12,11,12,1
0.0,18,5,6,5
0.0,8,12,4,3
0.0,9,11,5,4
0.0,25,6,13,3
0.0,3,7,22,5
0.0,17,8,2,3
0.0,8,8,13,5
0.0,5,18,5,4
0.0,16,9,9,3
179.19,10,15,11,5
0.0,14,5,7,5
20.63,6,10,5,5
161.18,23,16,8,3
0.0,17,17,5,5
72.7,29,8,13,4
0.0,12,7,14,2
0.0,11,12,5,4
0.0,15,6,3,4
0.0,16,12,7,1
47.75,12,7,5,5
105.42,32,16,4,5
0.0,13,6,2,2
22.52,9,9,6,2
0.0,28,8,6,5
0.0,23,11,11,3
0.0,12,15,14,5
0.0,23,8,6,5
0.0,12,4,15,3
0.0,16,10,7,4
24.94,14,6,7,5
21.05,12,13,5,2
0.0,12,14,8,5
0.0,28,12,7,5
0.0,34,5,6,4
0.0,17,4,13,4
0.0,12,6,3,5
0.0,4,9,10,5
0.0,28,13,3,5
88.26,4,6,13,4
0.0,18,9,9,4
0.0,9,7,11,5
3.22,14,8,6,4
0.0,5,6,19,3
0.0,10,11,5,2
0.0,26,6,2,4
0.0,8,9,9,2
0.0,14,14,5,3
42.81,25,7,4,5
0.0,9,8,3,4
11.43,28,9,9,2
23.22,13,8,5,4
0.0,11,6,9,3
0.0,14,7,13,4
12.34,15,15,6,4
0.0,21,4,2,4
0.0,7,9,5,4
0.0,12,4,8,4
64.6,29,12,2,5
0.0,5,10,4,5
0.0,6,12,8,4
6.84,1,10,6,4
0.0,15,17,7,4
0.0,14,5,6,4
0.0,12,8,4,5
0.0,8,12,17,5
0.0,16,11,5,5
0.0,18,8,8,4
0.0,9,11,5,5
0.0,35,12,6,5
303.03,16,8,5,1
0.0,17,10,2,4
0.0,9,16,5,5
0.0,6,13,5,5
0.0,11,5,4,2
7.94,6,11,13,4
0.0,6,8,4,5
103.93,9,10,7,4
0.0,12,8,5,2
0.0,12,9,7,3
74.59,15,11,8,4
0.0,8,13,15,1
0.0,13,7,2,5
0.0,5,11,4,4
0.0,20,10,5,5
0.0,12,8,5,5
0.0,15,9,18,4
1138.62,14,9,5,4
0.0,9,8,6,4
0.0,12,2,6,4
0.0,12,7,10,5
0.0,37,7,4,3
60.78,3,7,4,2
9.07,28,13,4,1
30.16,21,11,4,5
5.65,32,9,16,3
0.0,6,12,3,5
246.26,14,8,9,5
321.52,15,2,5,4
73.61,11,6,3,5
0.0,9,10,3,4
0.0,6,11,5,5
0.0,6,12,9,2
5.3,5,11,5,4
0.0,13,12,15,3
0.0,24,13,11,5
0.0,16,8,3,5
0.0,7,12,8,4
0.0,3,10,3,2
2.78,8,8,5,1
0.0,21,12,1,1
0.0,18,10,8,3
18.87,10,13,3,5
0.0,14,12,3,1
0.0,19,10,3,5
0.0,21,10,10,4
14.04,18,8,3,5
15.13,24,7,7,3
88.3,4,12,5,4
15.0,10,9,3,4
0.0,17,6,7,5
18.79,18,9,8,3
0.0,39,8,4,3
105.36,16,7,3,4
0.0,10,11,4,4
378.63,7,10,8,3
0.0,35,9,4,3
44.27,16,8,2,1
0.0,10,3,6,5
0.0,7,12,7,4
396.66,16,7,6,4
0.0,11,12,7,5
0.0,15,10,2,4
1.08,15,5,2,4
0.0,23,7,4,4
0.0,17,8,6,4
0.0,7,9,6,4
14.67,7,9,7,3
46.36,21,12,11,4
0.0,12,17,9,5
0.0,5,8,7,5
0.0,7,10,7,3
684.84,6,12,6,5
0.0,5,10,3,4
6.51,15,7,6,4
0.0,10,7,6,4
0.0,16,7,4,4
0.0,9,9,1,5
15.17,14,11,3,4
0.0,2,8,6,5
0.0,16,5,6,5
0.0,12,8,5,4
0.0,3,7,7,4
0.0,10,10,3,5
0.0,5,6,9,3
0.0,24,7,6,4
0.0,15,7,5,4
0.0,10,10,10,3
30.84,27,14,6,4
0.0,8,8,13,2
0.0,13,9,5,3
0.0,35,7,5,4
0.0,17,5,10,4
37.15,13,8,6,5
55.51,5,5,9,4
0.0,1,10,8,4
0.0,24,7,5,5
0.0,16,8,5,5
0.0,17,6,9,5
0.0,8,12,9,5
0.0,4,8,7,5
0.0,10,8,5,5
0.0,26,6,8,2
0.0,7,5,8,5
0.0,4,9,7,4
0.0,9,8,7,2
0.0,9,7,7,4
0.0,16,9,4,1
175.49,15,9,5,4
243.87,12,7,12,5
0.0,28,7,9,3
0.0,17,13,8,5
0.0,30,9,6,3
0.0,19,9,6,5
0.0,20,11,6,2
0.0,5,4,3,5
0.0,8,9,3,2
153.25,11,8,13,2
0.0,6,5,8,1
0.0,23,4,5,4
0.0,35,14,10,5
8.32,5,10,9,1
0.0,27,8,10,4
0.0,8,5,8,2
0.0,38,10,4,5
0.0,8,10,5,5
0.0,5,7,6,4
11.57,13,11,6,5
59.9,12,6,3,4
11.58,2,10,6,2
0.0,14,7,9,5
0.0,16,10,6,4
0.0,16,10,13,1
0.0,10,5,9,4
173.08,18,9,12,4
0.0,14,6,13,4
0.0,4,5,4,4
0.0,16,10,2,3
0.0,13,9,6,5
0.0,18,10,13,4
0.0,15,14,5,3
0.0,2,14,7,5
27.8,5,9,1,4
0.0,18,9,3,5
17.49,12,5,10,4
0.0,6,10,3,4
0.0,6,16,9,4
0.0,5,10,16,1
0.0,31,10,6,5
0.0,10,9,5,4
13.4,7,11,5,5
0.0,29,5,9,5
0.0,13,9,2,4
0.0,15,11,3,5
0.0,8,7,5,4
0.0,6,9,5,4
0.0,6,12,9,5
40.48,26,7,7,4
0.0,6,10,7,4
0.0,5,7,10,4
0.0,5,10,5,2
2.73,11,8,8,5
0.0,6,7,4,3
0.0,13,6,5,4
51.53,13,6,4,4
0.0,5,5,8,4
0.0,4,11,2,1
21.02,11,8,9,5
0.0,8,10,7,2
18.95,11,9,10,3
0.0,25,9,5,1
0.0,16,9,3,5
0.0,10,7,4,4
0.0,27,6,4,4
0.0,45,4,6,5
0.0,36,12,6,5
0.0,7,5,5,4
0.0,4,11,3,5
0.0,19,14,5,5
0.0,29,8,9,4
0.0,4,9,5,4
4.68,29,9,12,5
0.0,20,12,6,5
17.23,7,13,5,5
0.0,19,15,3,4
0.0,26,10,7,4
0.0,8,14,12,4
0.0,3,6,10,4
135.95,10,12,4,5
0.0,3,6,7,3
0.0,15,5,12,5
0.0,12,10,9,4
42.78,17,8,3,4
3.99,9,4,3,5
0.0,5,10,4,5
0.0,18,14,8,2
151.42,30,5,6,5
45.57,14,10,11,5
0.0,4,13,3,4
13.74,21,10,11,4
171.14,21,14,6,5
0.0,9,9,6,4
0.0,15,11,11,4
0.0,19,8,4,3
0.0,49,6,8,5
0.0,19,11,2,4
0.0,32,9,3,2
0.0,10,9,4,2
0.0,13,11,8,2
0.0,2,13,5,3
0.0,37,7,6,1
258.48,27,9,6,5
0.0,9,8,4,2
0.0,32,9,5,2
0.0,5,9,12,4
0.0,8,7,5,4
0.0,11,8,17,5
0.0,8,9,9,3
0.0,4,8,4,4
0.0,28,7,7,1
12.41,1,8,4,2
0.0,43,8,4,4
0.0,5,14,6,2
0.0,18,10,5,3
0.0,6,9,5,1
0.0,7,8,5,4
43.28,8,10,2,2
0.0,10,9,2,2
0.0,23,8,8,4
0.0,7,5,8,5
0.0,46,16,11,3
0.0,24,5,3,2
49.5,7,6,5,5
15.31,9,11,11,3
0.0,7,9,10,5
0.0,9,11,4,4
9.91,22,8,15,4
0.0,25,12,3,5
0.0,19,7,8,4
0.0,29,10,9,5
0.0,19,9,8,5
0.0,10,16,18,4
0.0,10,10,2,4
0.0,24,8,5,5
10.82,3,12,4,5
0.0,25,13,11,4
0.0,20,13,6,5
454.8,19,7,8,5
87.34,11,12,5,3
0.0,5,8,6,4
0.0,18,10,5,5
81.63,9,9,5,4
85.66,25,8,12,5
0.0,9,9,5,3
175.58,22,11,8,5
11.71,14,10,9,5
0.0,11,10,5,3
246.7,9,7,6,4
0.0,5,5,4,2
0.0,28,9,5,4
0.0,16,7,5,2
0.0,14,9,1,4
0.0,12,8,4,4
13.58,18,9,3,4
0.0,9,10,3,2
0.0,27,6,3,5
0.0,16,9,4,3
0.0,11,9,4,5
0.0,24,13,4,5
0.0,14,6,7,4
17.48,3,8,6,1
0.0,22,11,17,5
0.0,17,10,4,4
0.0,11,7,8,4
42.88,6,10,1,4
0.0,14,5,5,4
0.0,11,6,4,5
52.07,10,8,7,3
0.0,4,7,7,5
221.42,13,10,5,2
64.28,11,10,6,2
0.0,24,9,3,5
13.41,11,15,5,4
0.0,15,4,7,3
0.0,7,9,9,4
0.0,8,8,5,4
0.0,14,6,8,4
0.0,23,12,4,4
0.0,11,14,2,5
68.95,15,13,6,5
13.75,12,7,4,5
40.69,21,7,5,4
0.0,9,11,6,1
0.0,18,12,7,5
0.0,19,10,7,3
0.0,18,12,10,4
0.0,12,5,2,4
839.92,3,12,6,2
0.0,18,7,9,5
17.87,9,7,13,5
0.0,1,8,7,4
0.0,20,14,9,3
38.52,9,9,3,5
0.0,31,7,9,5
0.0,18,10,6,5
0.0,12,3,5,3
0.0,17,8,3,3
0.0,12,6,4,5
0.0,8,12,5,4
0.0,14,12,8,5
0.0,12,11,6,5
41.67,25,6,5,5
0.0,6,8,5,5
0.0,22,13,8,2
0.0,23,12,5,4
0.0,8,3,11,5
0.0,50,13,2,3
51.81,22,10,7,3
0.0,13,8,3,4
0.0,17,6,7,3
0.0,26,12,5,4
19.99,17,8,4,4
0.0,9,12,7,5
0.0,10,10,10,5
0.0,18,7,4,5
0.0,23,6,3,3
11.07,4,6,11,5
0.0,33,8,8,4
0.0,12,12,5,5
0.0,15,5,4,4
1.7,24,8,7,4
294.97,25,8,3,5
0.0,25,10,12,5
0.0,14,6,7,4
0.0,23,9,7,2
1.11,23,12,5,4
0.0,9,9,8,5
0.0,16,12,8,3
0.0,19,10,11,5
0.0,15,10,7,3
0.0,7,14,4,3
0.0,4,15,4,3
0.0,11,8,9,4
162.57,17,15,5,3
0.0,26,4,5,3
0.0,18,9,3,5
0.0,19,7,5,5
0.0,1,9,7,5
0.0,9,6,3,4
0.0,22,11,1,5
0.0,20,9,12,4
66.43,14,11,5,3
0.0,5,8,7,5
0.0,33,12,4,4
0.0,19,12,5,4
0.0,12,10,1,3
0.0,22,9,3,2
42.65,13,9,9,5
0.0,5,7,8,4
0.0,10,14,7,3
0.0,17,6,2,5
0.0,19,8,9,5
0.0,24,11,9,5
0.0,8,13,7,4
10.83,12,8,7,5
0.0,14,7,8,4
0.0,30,6,9,4
0.0,12,6,13,1
0.0,17,8,7,5
0.0,22,14,6,5
0.0,17,8,7,5
8.0,4,12,7,4
0.0,11,7,5,2
31.9,9,4,5,2
43.28,11,8,4,3
0.0,27,6,5,4
253.09,16,22,1,4
18.21,7,7,2,4
0.0,27,10,15,4
12.48,11,8,3,4
0.0,24,9,3,5
0.0,24,8,3,4
0.0,34,8,5,2
5.76,16,4,8,4
0.0,3,13,2,5
0.0,28,14,9,4
64.13,8,9,3,5
0.0,15,9,6,5
0.0,16,14,8,3
0.0,3,7,2,5
0.0,9,15,3,5
0.0,2,9,7,5
0.0,18,14,3,1
43.13,28,10,6,4
0.0,10,8,8,3
34.23,12,6,4,5
0.0,4,12,11,2
0.0,16,11,6,3
0.0,21,11,2,4
0.0,39,9,9,2
0.0,4,13,4,5
26.74,16,6,6,3
0.0,11,8,6,4
20.55,7,11,5,5
0.0,22,8,7,4
12.35,10,9,3,3
0.0,7,6,3,5
0.0,13,10,3,3
0.0,10,11,9,5
0.0,4,12,3,5
0.0,17,8,5,4
0.0,10,11,11,5
167.79,17,14,12,4
0.0,20,7,2,3
0.0,12,7,7,5
0.0,4,9,6,4
0.0,16,10,4,5
0.0,9,8,3,4
0.0,12,7,7,5
2.18,15,9,10,3
57.65,34,13,7,4
11.98,8,9,1,2
2.08,11,8,9,4
0.0,23,9,8,4
0.0,16,14,13,1
0.0,6,15,12,3
0.0,9,6,4,5
70.3,7,12,3,3
0.0,4,7,8,4
0.0,9,9,4,4
52.1,22,8,3,4
0.0,10,6,8,5
1075.09,12,8,2,4
12.45,8,10,8,2
0.0,10,6,10,4
0.0,5,10,12,2
212.87,15,5,4,3
130.3,8,13,3,3
0.0,51,13,11,1
0.0,31,8,7,5
0.0,20,4,2,3
0.0,19,2,3,5
0.0,4,8,12,4
0.0,11,15,11,4
0.0,10,13,11,5
0.0,17,11,14,5
0.0,13,12,4,4
365.02,5,11,9,4
0.0,15,3,7,4
0.0,10,8,9,4
0.0,5,13,8,4
0.0,12,2,14,2
0.0,19,10,7,5
0.0,19,13,4,1
0.0,7,11,7,4
26.29,12,12,5,4
9.42,22,9,4,4
11.53,36,9,7,5
0.0,14,7,14,4
0.0,15,8,7,4
8.64,9,12,8,4
0.0,21,10,6,5
0.0,6,9,8,3
31.31,12,7,3,5
0.0,10,6,4,5
40.12,7,10,6,3
0.0,18,12,6,1
28.89,7,9,11,5
0.0,19,7,8,4
0.0,9,9,11,5
0.0,3,9,7,4
0.0,8,10,5,4
0.0,15,8,3,5
13.04,8,7,20,5
42.99,4,7,2,1
0.0,16,9,6,5
0.0,4,7,5,4
0.0,16,9,4,2
0.0,13,14,6,4
0.0,3,4,6,2
0.0,12,8,4,4
0.0,5,7,5,5
0.0,18,9,8,5
0.0,16,9,5,5
5.02,26,9,13,5
6.99,24,10,6,3
0.0,23,8,6,5
50.93,1,10,5,2
0.0,2,13,5,1
52.45,22,5,8,5
29.53,23,12,7,4
0.0,33,8,8,5
0.0,23,8,8,5
1.41,14,9,4,3
0.0,13,7,11,3
0.0,14,8,11,5
0.0,4,11,3,5
8.34,8,11,6,4
0.0,32,12,5,4
0.0,12,19,7,4
3.22,16,10,5,4
0.0,6,8,7,2
304.55,10,6,4,3
0.0,6,8,2,3
0.0,17,4,4,3
0.0,8,8,4,4
8.44,9,5,4,5
308.85,18,5,2,5
0.0,17,13,10,1
457.95,29,7,7,1
0.0,9,7,8,5
0.0,7,8,6,4
0.0,8,14,10,3
101.13,6,14,8,4
0.0,20,9,6,5
0.0,6,9,7,3
0.0,10,7,4,4
0.0,33,4,3,4
16.57,7,7,14,4
0.0,13,4,4,4
20.03,23,13,3,5
0.0,12,10,2,5
0.0,17,8,6,4
0.0,5,7,10,4
0.0,8,8,2,5
1.07,14,17,3,4
48.95,15,10,4,5
1.88,29,9,8,4
0.0,37,7,9,3
0.0,11,7,5,2
0.0,7,15,9,5
0.0,10,6,4,4
0.0,29,10,8,4
8.8,19,5,2,5
69.91,15,5,3,5
0.0,10,12,7,4
0.0,15,2,9,3
0.0,9,13,7,4
345.67,36,6,2,5
0.0,15,10,4,4
278.66,7,6,8,5
192.16,15,7,3,5
0.0,17,7,3,1
68.68,17,14,6,3
0.0,5,7,11,4
94.34,14,11,7,5
0.0,23,8,3,5
16.32,20,9,8,5
0.0,17,8,3,4
0.0,11,6,2,4
0.0,28,11,6,5
14.64,18,8,5,4
0.0,10,10,10,4
0.0,8,14,3,3
0.0,5,4,3,4
0.0,17,9,15,5
0.0,9,10,6,3
11.57,7,7,17,1
0.0,23,7,8,4
0.0,20,13,4,5
0.0,13,3,3,5
0.0,9,12,4,5
0.0,12,10,7,2
12.6,10,14,10,4
0.0,24,5,10,2
132.8,17,7,7,4
0.0,18,9,7,5
14.56,8,11,6,4
0.0,24,4,4,2
0.0,16,11,3,3
0.0,8,10,7,5
0.0,5,5,9,5
68.52,7,4,9,5
0.0,12,10,2,4
0.0,8,9,4,4
0.0,17,13,5,5
0.0,4,4,14,2
0.0,12,12,6,3
5.37,29,9,7,5
32.45,11,8,9,5
0.0,19,9,8,5
4.27,10,5,1,3
0.0,6,8,7,3
18.79,8,11,8,5
304.13,9,6,2,3
181.6,9,12,9,2
0.0,17,11,1,3
0.0,14,6,4,3
0.0,18,7,10,5
422.07,9,11,7,1
19.72,21,10,3,4
0.0,9,11,2,4
8.56,36,16,7,2
0.0,18,11,8,4
0.0,9,8,4,4
0.0,6,14,14,5
0.0,41,7,6,4
0.0,9,9,4,4
3.75,20,7,2,4
18.1,26,12,6,5
0.0,12,6,12,4
0.0,20,12,6,2
251.72,6,11,7,5
90.54,12,12,11,4
0.0,26,10,4,2
0.0,15,8,8,5
0.0,14,9,10,5
80.71,12,7,9,4
0.0,24,8,5,3
0.0,22,14,3,2
45.53,9,10,11,5
0.0,14,7,11,4
0.0,9,13,4,3
0.0,11,14,5,4
5.61,24,8,4,5
133.17,14,13,4,5
0.0,10,10,6,4
23.99,3,9,10,4
0.0,18,8,14,4
0.0,31,8,12,4
100.23,17,13,9,4
20.74,23,11,9,5
0.0,6,8,7,4
0.0,16,11,4,4
0.0,10,12,7,4
0.0,7,24,3,1
5.46,24,4,10,4
76.19,6,13,8,4
0.0,19,10,2,4
9.15,11,6,3,5
0.0,6,8,7,5
30.83,16,9,11,4
0.0,10,8,8,4
0.0,7,6,6,5
0.0,20,7,4,5
0.0,16,9,8,3
0.0,8,8,8,4
0.0,13,7,13,5
0.0,8,8,7,4
0.0,3,11,10,4
3.3,22,6,4,5
0.0,11,6,4,4
0.0,4,16,15,4
0.0,1,7,8,5
0.0,7,8,2,2
42.27,33,9,7,4
0.0,10,11,5,1
0.0,3,8,8,5
0.0,31,7,7,4
15.22,22,8,10,3
0.0,12,12,4,4
0.0,31,7,6,5
0.0,27,7,6,4
0.0,6,10,3,3
0.0,3,12,13,2
9.6,22,10,5,3
0.0,11,6,8,4
6.58,34,10,9,4
0.0,20,12,2,1
20.71,14,9,2,5
61.85,7,12,4,4
0.0,18,6,10,2
92.92,12,8,14,4
197.73,6,6,12,5
0.0,17,11,12,4
0.0,37,9,6,5
0.0,4,11,8,4
0.0,11,6,8,4
0.0,13,16,6,5
0.0,23,6,2,4
0.0,7,8,7,5
0.0,37,13,6,4
0.0,16,10,3,4
0.0,25,4,6,5
0.0,8,10,6,3
0.0,21,8,8,5
66.24,13,14,4,5
44.68,13,8,8,5
0.0,13,7,4,5
0.0,20,9,11,2
0.0,9,9,2,5
0.0,10,5,8,4
10.78,5,9,7,5
12.53,36,10,7,4
18.72,14,17,5,4
4.64,30,6,2,5
8.52,21,9,4,5
0.0,35,8,4,4
0.0,12,16,6,4
51.29,3,8,7,5
10.62,6,12,19,4
237.57,7,9,14,4
0.0,11,6,19,4
0.0,15,4,7,3
68.87,4,10,3,5
25.11,5,10,6,5
443.01,16,13,4,4
0.0,8,6,2,4
0.0,9,5,3,4
0.0,53,15,5,5
0.0,15,7,7,4
0.0,16,10,4,4
0.0,12,3,5,4
0.0,6,7,7,5
29.46,3,8,3,4
36.84,18,9,1,5
0.0,17,11,10,3
509.91,3,5,4,5
0.0,5,11,2,3
40.37,6,14,9,5
83.91,8,7,15,5
11.2,6,10,6,4
0.0,6,8,3,5
0.0,6,6,14,4
0.0,21,6,7,5
0.0,12,8,3,5
0.0,4,13,17,5
0.0,12,9,6,3
0.0,15,8,4,3
0.0,14,11,8,4
0.0,21,11,3,4
0.0,10,12,5,5
0.0,9,5,3,3
64.82,18,7,2,4
0.0,11,8,6,4
0.0,14,9,3,5
0.0,30,14,3,4
0.0,10,3,5,4
12.38,21,10,14,2
12.81,12,9,3,5
0.0,2,10,5,5
0.0,2,6,2,5
0.0,39,10,7,4
0.0,7,8,8,3
15.45,8,6,11,3
107.6,13,8,11,3
0.0,9,14,10,4
17.24,17,11,5,5
99.6,4,5,8,4
0.0,16,10,6,4
34.84,12,10,3,4
0.0,17,8,4,4
0.0,9,8,4,4
10.69,11,14,11,5
0.0,9,5,2,4
0.0,37,11,5,5
0.0,15,10,4,1
0.0,3,8,4,5
0.0,8,11,8,5
0.0,19,8,8,4
123.83,21,7,9,4
213.47,10,8,7,4
6.55,4,16,6,5
18.52,15,12,9,3
0.0,35,10,6,1
0.0,29,9,3,5
0.0,6,11,11,4
0.0,17,10,6,4
182.55,16,9,4,5
0.0,21,7,5,5
0.0,32,8,6,3
0.0,1,5,6,4
0.0,23,6,8,4
0.0,6,6,11,4
0.0,19,9,5,4
21.05,7,6,6,3
0.0,9,10,12,5
0.0,12,7,9,5
0.0,7,9,5,4
0.0,14,12,6,5
0.0,9,11,5,4
0.0,53,4,9,2
0.0,16,10,11,1
13.63,5,8,6,4
0.0,9,8,4,5
0.0,9,13,9,5
13.64,11,17,10,2
83.78,6,7,5,5
374.77,43,9,8,4
0.0,9,11,3,2
32.67,15,12,3,5
3.53,5,7,4,5
0.0,7,5,4,5
6.78,6,7,3,3
60.49,10,14,4,4
0.0,16,9,5,5
16.28,24,9,2,5
0.0,36,9,5,3
0.0,23,9,18,4
312.53,29,9,3,5
0.0,9,15,4,5
0.0,16,8,5,5
0.0,16,8,7,1
0.0,18,10,3,4
280.62,33,7,7,5
0.0,19,9,6,4
102.46,10,18,6,3
0.0,9,8,2,4
0.0,14,9,10,4
0.0,17,10,4,5
0.0,4,8,11,5
0.0,17,8,2,3
0.0,20,3,3,4
0.0,25,9,7,4
0.0,24,6,7,4
0.0,8,8,5,4
15.11,5,9,4,4
0.0,8,7,5,5
33.24,10,8,4,5
0.0,4,11,5,5
0.0,25,7,6,5
23.89,40,11,10,5
0.0,16,10,2,3
8.39,15,11,8,5
0.0,15,11,2,2
0.0,14,7,3,4
0.0,24,11,8,5
7.96,14,11,6,4
64.28,3,13,12,4
39.05,19,14,9,2
0.0,4,9,23,3
0.0,18,4,18,3
0.0,9,18,4,5
0.0,6,14,6,4
7.72,14,6,9,4
61.31,21,8,12,1
0.0,3,7,3,4
0.0,3,8,2,5
5.56,14,8,18,5
0.0,12,8,11,4
0.0,14,9,3,5
0.0,22,14,11,3
0.0,11,15,6,2
60.1,24,9,13,4
0.0,14,7,4,4
0.0,16,7,3,3
0.0,6,8,3,4
0.0,11,5,2,2
3.7,13,7,6,1
0.0,22,9,5,3
0.0,19,6,7,5
0.0,25,10,6,5
10.65,15,4,3,5
0.0,11,8,5,3
0.0,18,7,15,5
0.0,44,5,12,5
55.75,10,9,4,5
0.0,10,10,3,2
3.45,34,10,3,5
0.0,15,11,4,4
0.0,36,9,15,3
0.0,1,9,11,5
0.0,10,12,3,5
0.0,21,7,5,5
0.0,15,7,4,4
0.0,20,5,6,5
0.0,9,3,2,5
0.0,10,11,6,3
0.0,14,10,15,2
183.87,5,8,7,4
0.0,6,9,15,2
26.29,2,10,6,4
0.0,16,8,6,5
0.0,4,5,16,5
0.0,13,12,4,4
0.0,5,8,4,5
0.0,26,9,8,4
0.0,13,16,2,4
0.0,13,6,2,4
22.44,22,9,7,5
0.0,20,5,4,4
0.0,7,11,4,5
16.61,15,12,6,2
0.0,18,8,13,4
0.0,4,3,4,4
23.88,14,16,7,5
0.0,13,10,13,4
0.0,13,12,5,3
0.0,16,12,11,5
0.0,14,11,7,3
0.0,4,10,7,5
27.09,7,5,6,4
687.05,30,4,5,5
0.0,9,11,11,5
0.0,15,8,4,5
23.25,9,4,4,5
51.03,4,8,10,5
4.93,11,5,2,4
2.72,15,10,2,5
0.0,25,10,9,3
0.0,9,10,7,4
0.0,12,5,2,5
0.0,15,10,2,4
9.27,24,9,4,1
10.07,26,9,9,3
0.0,20,13,2,3
0.0,11,7,3,4
0.0,7,12,12,5
0.0,9,8,6,4
0.0,14,12,4,4
0.0,22,10,7,5
0.0,27,14,3,5
0.0,15,10,9,1
0.0,10,9,5,4
0.0,6,5,7,4
0.0,6,11,6,4
0.0,7,7,8,1
0.0,18,13,7,4
0.0,13,9,6,4
0.0,19,8,3,5
0.0,11,12,7,3
0.0,8,6,13,2
68.92,10,11,8,5
0.0,10,10,2,5
3.46,8,6,6,4
18.26,49,12,5,4
0.0,4,10,4,5
0.0,12,10,2,4
0.0,20,5,10,5
14.02,16,9,5,4
0.0,15,7,6,4
6.61,9,5,4,3
0.0,13,15,7,4
0.0,9,8,3,4
117.28,17,6,4,4
0.0,4,7,5,3
0.0,16,6,3,2
0.0,15,6,4,3
0.0,28,10,6,5
0.0,27,9,10,5
17.18,11,11,9,4
0.0,7,8,6,4
0.0,12,12,2,5
0.0,7,11,7,3
79.89,12,8,9,4
0.0,17,5,3,5
24.08,20,5,3,2
0.0,13,8,4,4
0.0,16,8,7,4
0.0,36,7,9,2
0.0,11,12,5,4
0.0,4,5,3,3
0.0,6,7,10,4
0.0,10,13,5,3
0.0,5,10,6,5
0.0,11,11,8,3
0.0,14,12,6,3
0.0,15,9,5,2
126.82,8,10,5,4
0.0,16,6,6,4
0.0,22,11,3,5
10.46,5,4,13,5
0.0,24,12,9,5
0.0,9,6,4,5
0.0,18,9,7,1
0.0,8,7,6,5
0.0,11,8,2,4
0.0,28,10,3,5
66.59,7,9,2,4
0.0,8,7,9,5
15.0,18,2,4,5
513.48,8,6,10,4
80.92,12,9,5,1
5.5,16,9,7,2
0.0,12,9,5,5
0.0,28,10,4,1
38.94,14,11,14,3
0.0,21,9,5,4
20.98,9,11,4,5
0.0,31,9,10,4
0.0,12,7,10,5
1.86,14,8,5,3
0.0,5,8,6,1
14.68,16,14,12,3
57.8,26,11,10,4
0.0,10,6,6,4
12.84,8,7,9,3
61.75,7,9,12,4
0.0,10,9,4,5
0.0,11,9,5,3
0.0,17,6,12,5
0.0,35,9,13,4
99.01,32,6,10,2
1.46,25,8,6,5
52.32,3,8,4,5
0.0,9,13,6,3
290.02,6,10,7,4
0.0,8,5,7,4
0.0,8,13,2,1
0.0,5,11,3,5
0.0,8,7,8,5
0.0,15,9,1,1
0.0,4,13,6,3
77.64,32,14,10,1
0.0,4,3,3,1
0.0,8,11,5,5
0.0,3,5,4,4
0.0,7,9,8,4
0.0,30,10,4,4
0.0,9,10,10,3
0.0,10,7,6,4
487.88,15,6,5,5
0.0,8,10,5,4
39.41,9,9,3,4
2.64,17,12,5,2
0.0,23,9,2,5
0.0,5,8,5,4
0.0,19,8,7,4
0.0,34,5,4,3
0.0,19,15,9,5
0.0,5,14,4,5
0.0,11,9,8,4
0.0,31,10,4,2
0.0,9,6,8,5
12.23,12,17,17,2
0.0,15,9,8,4
0.0,25,9,10,5
2.97,9,11,11,4
0.0,19,9,3,5
0.0,4,10,3,4
0.0,1,7,9,2
0.0,4,6,1,3
0.0,31,6,4,4
0.0,17,10,9,5
60.29,21,5,10,4
0.0,20,6,3,5
31.78,4,6,3,2
0.0,15,13,5,3
0.0,22,6,1,5
0.0,5,9,10,4
0.0,30,11,4,5
0.0,9,12,5,3
0.0,19,12,3,4
3.35,7,6,3,5
0.0,12,14,6,4
834.82,24,7,6,3
0.0,14,7,4,4
6.6,11,7,9,5
0.0,21,10,9,3
69.7,33,11,9,3
0.0,21,7,5,2
0.0,20,8,5,5
0.0,16,14,10,5
0.0,23,11,3,3
480.47,20,7,2,3
0.0,32,11,2,4
7.75,27,12,7,5
0.0,24,7,13,5
0.0,16,9,3,3
60.36,23,11,4,3
0.0,23,8,3,5
0.0,10,9,2,4
0.0,10,9,11,3
0.0,13,8,4,5
0.0,8,7,8,5
30.85,11,6,10,5
39.08,9,9,4,3
0.0,21,8,2,4
781.92,21,13,4,3
0.0,23,6,5,4
0.0,33,8,5,5
0.0,7,3,3,3
0.0,13,10,8,4
0.0,14,10,5,5
40.23,25,7,5,4
0.0,27,10,6,5
1.37,18,8,7,4
6.64,15,8,10,3
0.0,21,8,14,4
0.0,1,13,17,3
1.45,27,6,11,3
44.55,23,10,7,3
0.0,7,7,8,4
0.0,9,5,7,5
0.0,14,10,6,4
0.0,17,11,8,1
0.0,4,7,3,4
0.0,11,6,5,5
0.0,16,11,12,4
0.0,18,10,3,5
4.26,9,12,4,5
22.46,12,10,4,5
0.0,22,14,6,3
59.37,12,11,7,5
0.0,34,11,3,5
24.16,10,13,4,4
0.0,2,8,11,5
0.0,37,11,6,4
0.0,10,6,6,1
4.33,11,10,2,3
10.74,25,8,5,5
0.0,20,5,4,4
0.0,15,11,9,4
0.0,23,11,8,5
6.05,8,11,7,4
0.0,21,12,15,3
0.0,7,8,7,4
0.0,20,7,7,5
59.38,21,6,7,5
752.24,8,9,2,5
37.98,18,9,7,4
0.0,10,11,2,2
122.14,9,13,13,3
310.74,17,11,10,5
0.0,7,7,12,1
0.0,5,9,7,5
0.0,8,11,4,5
0.0,8,10,11,2
0.0,23,5,5,4
11.65,12,11,4,4
2.51,3,8,6,4
0.0,4,15,6,5
0.0,12,11,7,4
0.0,17,11,8,1
0.0,3,6,10,4
18.41,19,8,7,5
0.0,12,7,12,4
0.0,7,6,2,4
102.8,22,13,3,5
32.21,7,12,5,5
0.0,12,6,4,4
0.0,6,11,5,4
0.0,11,7,3,1
46.38,13,8,6,5
0.0,20,7,8,4
0.0,5,8,5,3
0.0,9,13,10,5
16.97,16,12,3,4
0.0,22,14,9,5
100.78,5,7,9,5
26.19,11,6,5,5
30.14,14,10,8,3
0.0,4,9,3,3
0.0,28,5,12,5
14.08,21,6,15,4
29.43,8,9,10,5
0.0,14,9,4,5
0.0,11,6,4,5
0.0,9,11,6,3
0.0,25,12,2,5
184.19,7,13,4,5
0.0,5,12,6,5
80.91,4,9,4,4
0.0,7,10,4,4
18.67,18,3,9,5
0.0,19,9,13,1
328.26,6,6,6,3
0.0,23,6,5,3
0.0,3,12,4,3
0.0,27,7,9,4
0.0,14,7,3,1
0.0,15,10,7,3
344.08,15,10,6,3
0.0,20,12,5,3
0.0,8,12,8,3
0.0,5,3,6,4
0.0,9,10,10,4
0.0,21,5,7,4
9.29,12,8,4,4
0.0,24,11,5,3
29.09,1,9,6,5
0.0,34,8,4,4
18.88,4,7,6,5
0.0,24,6,4,3
0.0,5,10,8,4
0.0,12,7,11,3
0.0,9,9,12,3
0.0,6,10,4,3
0.0,15,7,5,4
13.62,32,7,4,5
0.0,32,8,8,5
65.25,12,9,3,5
0.0,19,9,8,3
9.9,8,14,5,2
13.97,19,10,14,3
0.0,11,7,2,5
9.31,15,5,7,5
0.0,7,12,2,5
218.66,7,10,8,5
0.0,7,18,7,5
0.0,35,9,6,2
65.2,2,11,1,4
0.0,16,7,15,5
0.0,23,11,7,5
0.0,16,8,2,3
0.0,8,6,5,4
0.0,25,7,6,5
12.63,9,6,12,5
0.0,17,13,3,4
10.75,12,10,4,5
0.0,8,10,8,5
0.0,2,9,3,3
0.0,18,7,8,4
0.0,6,10,11,5
0.0,5,8,8,4
0.0,10,7,6,4
0.0,23,12,4,2
0.0,13,9,11,3
0.0,7,7,5,4
0.0,14,9,6,4
5.95,9,9,8,5
0.0,22,12,10,4
0.0,22,8,5,3
0.0,20,8,6,4
31.08,31,6,12,3
0.0,3,16,12,4
0.0,18,9,20,4
95.32,12,11,9,5
0.0,18,8,4,4
0.0,23,9,4,4
0.0,10,12,4,5
0.0,7,15,14,5
53.43,8,9,8,2
169.99,13,10,7,4
0.0,14,13,8,3
0.0,4,6,10,5
271.43,42,8,6,4
0.0,18,10,3,5
32.28,45,8,6,3
0.0,27,9,8,5
0.0,11,11,11,4
8.38,23,13,13,5
0.0,48,11,9,5
3.14,23,14,5,5
0.0,5,8,9,5
0.0,14,7,4,2
0.0,9,6,4,4
0.0,7,9,9,1
0.0,7,11,7,2
0.0,13,12,2,3
0.0,7,14,12,4
9.5,40,6,8,5
0.0,6,9,3,5
0.0,8,6,3,2
8.03,14,13,7,5
24.16,23,12,9,3
0.0,18,6,7,4
0.0,7,9,11,4
0.0,1,11,6,3
0.0,4,4,7,3
0.0,11,12,4,2
6.54,11,15,2,1
0.0,10,12,5,2
0.0,15,6,9,5
0.0,6,8,12,5
0.0,9,5,3,4
0.0,7,12,10,5
36.6,2,11,8,5
0.0,14,12,7,5
70.4,12,11,9,4
11.01,28,7,2,1
0.0,33,15,2,5
0.0,10,11,6,3
7.36,7,9,6,3
0.0,20,12,11,4
17.41,22,9,3,2
46.16,9,11,2,5
159.54,24,9,8,2
0.0,10,4,5,5
0.0,20,9,9,3
83.46,24,4,6,4
0.0,45,8,5,4
0.0,7,9,6,3
0.0,15,6,3,5
0.0,21,5,8,2
0.0,15,10,9,3
0.0,37,11,12,5
119.43,10,6,5,5
0.0,5,3,10,3
90.04,9,9,5,5
0.0,7,10,7,5
57.1,11,8,10,5
0.0,8,13,6,5
170.76,14,14,4,5
0.0,10,8,6,4
0.0,6,5,11,5
0.0,13,4,4,5
27.68,6,6,5,4
0.0,10,10,3,5
0.0,31,10,11,5
50.87,28,9,8,5
0.0,20,12,8,4
114.91,9,5,6,3
0.0,7,9,1,4
0.0,9,6,7,5
0.0,8,6,3,5
4.95,16,6,5,5
24.85,12,9,6,4
0.0,10,7,9,5
0.0,12,10,1,3
9.97,10,11,10,4
0.0,25,10,7,3
0.0,3,7,7,4
0.0,21,12,3,5
0.0,10,9,5,3
0.0,11,9,6,4
0.0,19,11,6,4
0.0,11,8,5,2
141.6,13,10,11,3
117.55,24,11,3,4
0.0,16,7,6,3
0.0,8,7,3,4
0.0,13,11,4,4
0.0,10,14,11,5
0.0,15,7,12,2
5.09,10,10,5,1
0.0,27,7,7,3
0.0,10,7,5,5
0.0,13,5,6,4
0.0,7,13,9,5
29.66,16,10,15,5
0.0,7,8,4,5
29.12,17,10,5,1
0.0,12,5,6,5
0.0,40,8,8,2
0.0,2,5,9,3
7.12,18,10,5,3
0.0,7,8,6,4
0.0,11,12,5,5
301.61,24,11,3,1
0.0,5,7,11,4
0.0,23,8,6,5
0.0,12,9,1,4
21.16,18,10,9,5
0.0,9,10,6,4
91.45,10,9,10,4
0.0,20,5,9,3
21.03,6,7,4,1
0.0,13,11,5,3
0.0,23,3,6,1
0.0,4,8,4,1
0.0,15,7,8,3
0.0,3,11,11,5
0.0,6,7,8,5
21.19,16,11,13,4
0.0,18,6,4,3
0.0,14,11,4,5
1.84,1,7,3,4
14.63,12,11,5,4
0.0,5,12,9,4
26.16,9,10,7,1
3.99,29,10,11,3
0.0,8,7,4,5
0.0,5,9,7,4
0.0,4,4,14,5
13.23,32,12,9,4
0.0,10,9,10,5
0.0,10,6,2,4
0.0,22,11,15,4
26.63,14,6,5,5
281.22,6,4,4,5
0.0,2,10,23,4
10.49,12,11,4,4
13.08,22,3,8,3
0.0,3,11,4,4
0.0,11,10,8,5
0.0,7,16,12,3
20.36,24,8,7,5
398.15,15,7,9,4
0.0,24,8,1,5
408.6,4,4,8,5
0.0,7,10,4,4
0.0,15,14,4,1
0.0,7,8,4,5
0.0,21,7,7,2
0.0,15,13,7,3
17.68,14,9,7,4
0.0,18,6,4,4
0.0,11,8,9,3
0.0,13,7,9,5
0.0,2,8,11,3
0.0,30,10,6,4
15.0,18,8,5,4
0.0,8,8,5,5
139.11,11,6,3,5
121.19,8,6,3,3
0.0,12,16,2,3
0.0,3,9,3,4
40.76,13,7,7,5
217.85,14,10,5,5
0.0,14,6,11,4
0.0,9,7,6,5
0.0,15,12,4,4
0.0,26,10,4,3
0.0,18,7,5,4
0.0,8,8,8,3
0.0,6,8,6,1
21.18,10,11,7,4
0.0,41,10,4,4
14.26,8,7,3,4
0.0,17,7,18,5
0.0,15,9,8,5
0.0,35,4,9,5
0.0,16,7,4,5
240.92,8,13,4,4
18.67,19,12,12,3
40.77,23,4,7,4
0.0,12,8,3,5
0.0,11,9,3,5
0.0,4,7,9,3
0.0,15,8,9,5
10.89,21,7,3,2
0.0,13,4,3,5
0.0,5,4,3,2
0.0,9,12,11,3
0.0,7,10,6,4
0.0,12,12,6,4
5.86,2,6,5,4
0.0,19,13,7,4
7.11,14,4,11,4
148.73,18,8,9,4
0.0,7,9,9,4
0.0,12,12,10,5
2.45,7,7,7,2
0.0,17,7,12,4
108.91,25,6,12,5
0.0,21,7,4,5
53.86,16,8,2,5
27.56,15,7,3,3
0.0,19,14,5,5
0.0,17,8,17,5
0.0,5,8,5,4
0.0,31,12,6,2
12.64,26,9,9,4
0.0,38,12,2,5
14.89,7,6,4,4
0.0,17,11,7,5
0.0,32,13,10,2
0.0,9,4,11,4
0.0,19,11,5,5
0.0,18,14,8,5
207.06,7,11,1,5
10.77,14,10,5,4
0.0,14,8,4,5
0.0,35,7,3,4
5.97,21,12,4,4
0.0,30,12,5,4
0.0,22,10,9,4
0.0,7,9,9,4
18.78,7,12,13,4
3.3,5,6,5,4
11.55,11,12,5,5
56.93,12,8,10,4
0.0,34,12,5,3
85.23,7,9,3,5
4.73,18,7,3,4
0.0,31,10,3,5
0.0,1,10,6,4
128.77,26,17,4,4
0.0,13,8,4,5
20.87,16,9,8,2
21.52,16,9,5,5
36.48,21,8,5,5
2.99,10,8,8,3
0.0,13,5,20,4
0.0,34,6,13,5
0.0,7,10,9,3
0.0,32,11,9,5
0.0,5,7,4,5
0.0,8,11,3,4
0.0,16,6,7,4
0.0,29,7,6,4
0.0,28,6,6,5
0.0,15,8,5,3
0.0,14,10,13,3
0.0,8,11,13,4
0.0,8,16,6,5
324.81,17,4,6,5
0.0,6,6,9,5
0.0,7,10,2,4
0.0,9,8,6,4
13.67,25,7,3,5
0.0,11,7,2,5
0.0,19,10,15,5
0.0,23,9,6,4
842.95,10,14,2,5
32.94,5,11,6,4
0.0,13,7,5,5
52.71,6,14,6,2
0.0,17,8,11,4
0.0,7,9,5,2
0.0,6,9,5,3
18.54,19,4,10,4
0.0,12,10,5,4
0.0,22,12,4,4
0.0,29,10,8,5
0.0,10,7,3,4
254.37,11,8,13,5
8.67,2,8,2,4
0.0,7,7,5,2
0.0,21,16,6,4
0.0,8,8,8,4
0.0,3,9,5,5
264.19,4,15,5,5
0.0,37,9,4,3
0.0,17,12,5,4
23.24,13,11,5,5
0.0,12,5,3,5
5.69,9,11,7,4
0.0,26,10,6,4
9.09,12,8,3,4
0.0,15,7,2,5
0.0,28,15,16,4
0.0,18,8,5,2
0.0,15,13,3,3
1.83,13,11,7,5
0.0,23,13,7,5
0.0,5,6,20,4
0.0,6,8,1,4
0.0,18,6,6,5
188.84,11,7,11,3
0.0,21,11,6,5
0.0,20,13,5,5
0.0,39,4,4,5
0.0,4,10,9,3
50.17,14,5,7,1
0.0,11,7,4,1
0.0,8,8,4,4
0.0,6,8,5,3
0.0,6,8,3,5
0.0,11,8,9,4
28.37,10,10,7,4
1165.83,20,14,4,4
0.0,30,9,5,5
0.0,10,14,9,4
0.0,9,9,7,4
0.0,2,13,9,4
141.82,21,6,5,5
8.73,24,11,2,4
0.0,13,7,3,3
0.0,15,7,5,5
11.57,12,8,2,3
15.6,13,8,7,3
0.0,13,15,8,4
0.0,12,6,4,3
0.0,22,8,5,3
99.12,11,12,4,5
0.0,13,9,5,2
106.55,10,13,6,4
0.0,23,5,5,5
0.0,34,9,3,4
0.0,2,10,7,2
2.35,9,6,4,3
0.0,7,6,6,4
15.58,10,15,11,4
7.9,9,4,5,1
0.0,15,11,5,5
0.0,10,14,2,3
0.0,11,6,5,5
0.0,6,4,4,4
0.0,20,9,8,4
0.0,14,5,2,2
97.43,18,10,3,5
0.0,17,5,4,2
0.0,16,9,9,2
0.0,16,7,6,5
0.0,10,10,3,5
0.0,13,4,9,5
3.91,19,11,10,3
0.0,9,8,3,5
0.0,11,11,16,5
4.74,4,7,5,4
0.0,17,10,10,5
0.0,4,6,3,5
240.12,6,8,5,3
0.0,26,13,7,2
9.44,55,13,14,5
0.0,9,9,10,3
0.0,29,12,10,5
0.0,9,9,9,5
121.05,8,7,4,5
0.0,13,4,6,4
17.27,6,10,9,5
0.0,8,9,2,4
0.0,4,7,4,4
15.38,25,6,3,5
19.59,27,8,7,5
4.5,3,9,7,5
0.0,7,9,10,5
43.44,16,10,5,4
0.0,5,8,7,4
108.29,6,7,9,4
0.0,4,5,2,5
16.55,6,9,7,3
0.0,12,9,14,3
11.35,27,7,7,1
9.52,9,9,13,2
0.0,10,7,8,2
0.0,31,2,14,3
0.0,13,10,3,4
48.48,17,8,7,5
0.0,5,9,7,1
0.0,17,10,2,3
425.8,10,10,3,5
0.0,22,4,4,5
0.0,3,13,5,5
104.7,16,9,6,3
31.97,15,11,14,4
7.0,35,7,6,3
0.0,11,4,6,5
216.71,4,11,2,1
145.02,18,6,6,1
0.0,7,17,5,4
2.15,32,14,4,5
0.0,9,9,7,5
0.0,9,7,9,1
0.0,12,6,12,5
127.34,9,9,6,4
36.42,22,8,4,5
0.0,17,4,8,3
0.0,9,9,6,2
0.0,9,5,11,5
0.0,23,10,3,4
4.08,17,6,11,5
0.0,43,11,4,3
0.0,46,5,2,5
17.72,5,6,6,4
39.67,12,12,5,4
0.0,5,13,3,3
273.54,10,10,11,4
31.84,22,13,5,5
12.87,11,12,10,4
0.0,8,7,3,4
0.0,3,7,4,5
0.0,12,12,4,5
41.92,19,7,4,3
0.0,16,14,5,5
0.0,19,7,6,3
102.56,10,6,7,4
0.0,12,9,7,4
0.0,33,7,17,4
0.0,14,12,6,2
0.0,23,6,3,3
0.0,12,13,10,4
18.07,6,7,8,5
6.69,5,11,2,4
0.0,21,14,2,5
0.0,10,12,15,4
19.42,2,9,3,5
0.0,8,8,7,4
0.0,16,8,7,4
0.0,8,9,8,4
0.0,15,13,4,4
0.0,12,13,9,5
0.0,7,2,2,4
5.12,13,9,6,5
0.0,27,9,4,4
0.0,7,8,3,5
48.04,11,10,1,5
0.0,5,10,19,4
0.0,6,8,8,4
44.01,12,14,6,5
0.0,9,5,2,4
0.0,11,10,12,2
288.2,15,10,14,4
24.78,17,9,4,3
0.0,13,3,11,5
0.0,15,10,9,4
5.99,12,11,3,5
0.0,3,11,3,5
0.0,17,6,2,5
0.0,10,9,6,5
369.13,17,9,4,5
0.0,5,15,11,5
1.31,16,9,7,5
0.0,4,10,2,5
0.0,7,7,6,4
0.0,26,14,12,2
26.14,13,5,6,3
0.0,8,6,7,3
0.0,13,11,12,5
0.0,14,11,2,4
0.0,17,8,9,4
11.58,17,13,11,4
40.35,2,7,7,3
235.17,24,12,4,5
0.0,27,10,8,2
106.77,17,7,2,5
4.14,2,13,5,4
70.91,3,6,6,4
0.0,7,8,5,4
46.57,10,11,2,3
0.0,11,4,12,2
51.6,20,10,8,4
0.0,27,8,7,2
8.55,18,14,8,4
0.0,17,11,2,4
0.0,11,8,3,4
0.0,2,10,13,1
67.58,6,8,7,4
0.0,6,8,9,2
0.0,10,7,11,3
136.75,3,8,4,3
0.0,5,11,4,5
0.0,9,7,3,4
35.48,21,7,7,3
241.82,27,16,11,2
0.0,6,9,11,4
13.36,5,10,10,3
0.0,4,6,4,5
9.89,11,9,12,5
0.0,16,5,2,1
14.02,23,11,12,4
42.7,17,8,7,4
84.94,26,9,6,4
0.0,12,16,3,5
0.0,32,9,10,4
0.0,20,9,8,3
0.0,10,4,5,4
0.0,10,11,2,4
0.0,53,7,10,3
77.36,25,4,2,4
0.0,19,8,4,5
0.0,11,14,2,5
0.0,20,9,11,1
0.0,11,14,5,5
0.0,31,9,5,5
0.0,19,7,9,3
0.0,16,7,14,4
41.88,46,10,3,5
4.16,10,5,6,5
0.0,22,13,7,5
0.0,7,9,9,5
0.0,6,6,17,4
0.0,5,12,7,4
0.0,14,9,9,4
0.0,19,7,6,5
3.71,14,5,5,2
161.06,14,7,9,3
0.0,11,10,5,3
9.89,21,13,4,5
0.0,6,7,7,5
53.22,25,9,4,4
0.0,34,13,6,5
0.0,12,10,18,5
0.0,26,9,10,5
0.0,18,10,2,5
0.0,8,6,7,1
0.0,9,5,8,5
0.0,9,6,9,1
0.0,15,12,4,5
0.0,28,12,7,5
0.0,13,15,5,3
0.0,51,9,4,4
0.0,12,8,14,3
0.0,18,12,4,4
0.0,13,4,4,4
0.0,39,9,6,3
0.0,9,9,13,4
0.0,24,5,14,4
0.0,7,13,5,3
0.0,5,14,6,3
42.91,13,8,3,5
6.55,23,6,11,5
0.0,10,7,11,5
74.03,13,4,4,4
0.0,3,11,7,5
7.57,17,11,10,4
0.0,13,6,5,5
0.0,9,10,7,5
105.93,11,12,8,4
0.0,11,9,5,3
0.0,23,8,8,4
0.0,7,13,6,4
592.02,15,8,6,4
0.0,30,8,4,3
190.41,9,13,4,2
0.0,12,4,3,4
0.0,13,3,7,3
735.59,20,7,11,2
1525.55,8,6,6,3
0.0,9,10,6,5
0.0,18,16,19,4
0.0,29,13,2,5
0.0,14,6,3,5
0.0,13,11,12,5
0.0,14,12,5,5
2.6,25,11,4,2
12.83,32,10,6,1
0.0,11,6,4,4
0.0,23,9,6,2
0.0,12,6,5,5
0.0,21,7,14,5
0.0,16,11,3,4
0.0,16,13,2,2
119.45,11,7,3,4
0.0,8,8,2,5
63.27,10,8,4,5
212.72,18,12,7,4
0.0,13,15,8,3
82.11,1,10,3,5
0.0,26,4,7,2
0.0,33,9,21,5
29.76,15,10,5,4
20.81,17,11,3,5
37.65,42,9,5,4
0.0,16,7,5,2
22.41,8,6,6,2
0.0,7,13,6,2
16.34,16,12,3,4
0.0,11,7,8,4
136.75,25,10,12,3
167.39,19,5,9,5
0.0,7,9,4,5
0.0,25,12,4,5
0.0,22,10,7,4
0.0,26,8,9,5
0.0,13,8,6,3
0.0,14,7,6,5
1.48,32,14,6,4
0.0,8,8,4,5
51.73,7,5,3,5
77.65,14,9,6,4
0.0,16,15,8,4
0.0,4,10,6,3
0.0,15,9,5,4
0.0,5,8,2,5
0.0,5,7,6,5
113.17,13,10,5,3
0.0,27,5,5,4
0.0,3,12,7,5
938.19,10,11,3,5
0.0,25,10,3,4
0.0,11,9,4,4
0.0,19,7,8,4
4.81,12,9,6,5
14.37,23,9,6,4
0.0,32,10,6,4
0.0,14,11,4,2
0.0,19,6,10,4
0.0,11,7,5,4
3.94,20,4,6,4
0.0,15,5,11,4
0.0,17,10,3,4
0.0,22,10,4,1
0.0,17,6,5,3
0.97,4,7,19,2
0.0,8,8,8,3
0.0,11,11,10,2
11.25,10,7,12,5
0.0,14,11,11,5
0.0,21,9,5,4
0.0,5,10,6,2
54.45,13,13,9,4
8.04,10,5,3,5
139.67,21,11,4,2
0.0,15,12,6,3
123.62,21,9,4,3
160.87,16,10,11,3
0.0,7,10,5,4
0.0,6,8,8,4
0.0,13,15,7,5
15.17,29,8,5,2
0.0,4,6,6,5
0.0,9,15,5,3
0.0,23,3,4,2
0.0,10,12,3,5
0.0,16,5,2,4
0.0,9,8,6,3
0.0,4,6,12,3
4.56,12,15,3,4
0.0,19,14,6,2
32.42,12,8,6,4
120.0,17,9,5,3
163.7,8,11,4,2
0.0,14,7,7,3
0.0,4,13,4,5
102.5,10,10,5,5
0.0,8,16,5,5
0.0,3,5,4,1
0.0,12,10,2,4
28.22,6,10,5,5
0.0,19,13,7,2
0.0,4,5,2,4
0.0,24,5,10,4
0.0,13,9,4,4
0.0,22,6,8,5
0.0,16,10,4,4
0.0,24,10,6,5
6.71,25,10,4,5
0.0,25,10,11,4
0.0,11,8,13,5
0.0,12,10,1,5
0.0,15,9,3,5
579.13,15,10,2,3
0.0,11,8,11,4
0.0,11,9,10,1
0.0,15,11,7,4
0.0,3,9,5,5
0.0,13,6,2,5
0.0,4,5,3,5
0.0,17,11,11,4
0.0,17,8,12,3
0.0,11,10,5,5
0.0,15,6,4,5
123.25,19,8,11,5
112.2,19,7,6,3
0.0,20,10,5,4
0.0,12,10,7,4
31.55,28,7,18,5
0.0,3,10,6,5
6.15,16,8,6,4
19.26,9,6,10,4
72.48,10,5,7,5
0.0,23,15,5,2
0.0,4,9,6,4
22.45,13,5,6,5
0.0,20,7,6,5
0.0,16,13,3,3
0.0,12,5,7,3
0.0,30,10,8,4
130.69,21,9,4,5
0.0,5,11,8,5
0.0,7,8,5,5
22.24,29,5,12,4
0.0,16,9,7,5
0.0,9,4,9,5
0.0,23,12,7,5
0.0,9,12,4,5
0.0,64,6,7,3
0.0,7,10,5,4
229.65,5,5,7,5
0.0,13,8,9,3
0.0,17,13,6,2
0.0,14,6,11,4
0.0,7,6,6,4
0.0,15,8,15,1
0.0,3,11,12,1
0.0,23,7,8,2
0.0,12,9,6,4
0.0,20,6,5,5
0.0,6,8,8,4
0.0,7,10,6,4
58.54,13,12,6,4
3.56,9,8,7,5
124.25,17,6,5,4
0.0,13,11,5,5
6.17,17,9,6,4
0.0,38,6,2,5
0.0,24,11,4,2
0.0,6,11,6,4
0.0,27,6,8,1
0.0,8,9,12,3
4.53,14,7,7,4
0.0,15,6,5,4
0.0,16,3,7,2
0.0,4,9,4,5
820.08,19,15,4,2
0.0,14,9,2,2
0.0,32,8,7,4
20.66,14,10,4,3
0.0,9,11,16,4
80.72,17,3,8,4
0.0,6,4,2,5
0.0,17,7,2,4
0.0,18,4,5,4
8.07,10,9,6,3
0.0,11,12,13,5
0.0,21,7,12,5
0.0,9,6,4,4
24.13,4,5,3,5
0.0,29,6,8,5
160.21,23,3,18,5
0.0,13,8,5,5
0.0,11,10,3,4
0.0,16,8,3,5
0.0,6,7,8,5
0.0,15,5,7,4
0.0,2,10,4,2
0.0,20,9,2,4
0.0,15,9,4,4
21.15,8,15,3,5
0.0,10,9,3,5
0.0,13,12,5,4
24.5,29,12,11,4
0.0,5,9,2,3
0.0,11,11,7,5
0.0,3,7,3,5
0.0,21,6,11,4
9.66,10,5,1,5
0.0,4,11,8,2
8.97,28,12,7,5
0.0,3,10,7,2
0.0,4,2,3,4
0.0,37,9,7,1
49.77,14,7,12,5
67.85,18,12,6,5
0.0,11,6,4,5
0.0,6,6,7,4
0.0,19,9,6,4
0.0,11,12,2,5
0.0,18,8,12,2
0.0,23,9,6,4
219.38,21,5,5,4
0.0,26,9,8,3
266.03,7,8,7,5
0.0,16,8,13,4
0.0,16,10,10,3
178.74,24,8,8,3
0.0,6,8,3,3
54.16,7,9,7,4
0.0,12,6,7,5
0.0,8,5,2,4
0.0,4,7,4,2
0.0,11,5,8,5
0.0,7,6,2,1
0.0,1,7,5,3
0.0,9,5,4,4
0.0,19,12,3,3
0.0,19,12,10,4
0.0,7,10,3,4
0.0,5,10,4,1
0.0,11,13,14,3
110.52,9,11,5,5
0.0,12,6,6,1
109.42,8,6,6,4
0.0,10,9,5,3
14.0,11,10,6,1
64.42,10,10,10,5
0.0,22,8,6,4
64.05,15,12,2,5
0.0,5,7,13,4
0.0,16,9,5,5
0.0,8,10,2,4
0.0,3,11,8,4
0.0,18,9,1,4
5.15,4,6,5,5
0.0,2,8,6,3
0.0,42,7,5,5
0.0,3,9,3,2
0.0,8,8,9,4
0.0,23,5,5,5
21.36,18,7,7,4
29.5,11,4,3,5
0.0,13,9,2,4
0.0,21,6,14,5
0.0,3,7,4,4
0.0,13,4,8,3
0.0,15,9,10,5
0.0,19,9,7,5
225.74,29,8,5,4
0.0,22,6,3,4
13.13,9,9,11,4
9.99,14,5,5,5
166.83,25,6,9,4
7.88,12,13,12,5
4.97,34,14,6,5
0.0,7,8,3,4
0.0,11,7,15,5
0.0,16,5,3,4
95.59,12,13,6,1
149.96,12,14,8,5
0.0,9,10,6,4
128.11,30,7,8,1
0.0,24,7,6,1
27.92,5,7,6,1
0.0,17,12,5,4
0.0,25,7,5,2
0.0,9,10,3,2
0.0,24,14,4,5
0.0,15,7,5,4
0.0,23,15,10,5
32.75,32,9,2,4
0.0,28,9,8,3
41.83,32,8,2,4
0.0,22,12,5,3
0.0,2,12,5,2
0.0,11,9,3,3
0.0,9,7,3,2
0.0,7,13,1,4
0.0,31,5,5,4
70.69,28,11,4,5
0.0,3,10,13,4
0.0,11,11,4,4
107.71,3,7,2,5
0.0,13,7,4,5
0.0,17,7,3,4
0.0,24,5,2,3
0.0,13,8,15,4
7.67,16,10,4,5
2.54,6,10,15,5
0.0,9,16,4,4
75.12,18,11,2,4
0.0,16,4,8,4
30.62,12,8,3,5
0.0,5,8,7,4
0.0,11,11,9,4
33.12,7,7,7,5
0.0,7,6,7,4
0.0,14,9,5,5
260.53,20,14,12,5
1.86,8,12,5,3
29.35,15,10,3,5
71.58,10,13,7,4
0.0,12,9,11,2
0.0,6,9,6,4
16.0,3,11,11,5
0.0,12,13,3,4
0.0,39,10,7,2
0.0,4,8,6,4
0.0,23,7,4,5
0.0,19,9,8,5
0.0,13,11,15,2
0.0,8,7,7,5
0.0,8,10,4,4
0.0,19,10,4,5
0.0,27,8,9,5
0.0,17,13,8,5
33.81,15,6,7,4
0.0,6,6,5,4
12.49,21,11,1,5
84.41,11,11,4,4
0.0,17,10,5,3
0.0,20,10,7,5
0.0,17,11,8,1
0.0,11,9,4,5
0.0,16,8,6,4
0.0,33,7,4,4
248.01,22,9,11,5
0.0,18,5,9,3
0.0,11,6,6,1
2.54,25,6,4,5
0.0,8,8,2,5
48.69,18,10,6,5
0.0,25,9,7,3
6.45,18,7,10,5
0.0,8,9,9,2
0.0,12,5,6,3
0.0,10,5,3,4
0.0,16,10,3,4
4.82,12,12,9,3
44.88,4,8,11,5
0.0,18,7,3,4
0.0,9,16,3,5
0.0,28,9,6,4
0.0,15,7,6,4
0.0,6,10,9,3
0.0,6,11,2,2
0.0,7,7,6,5
0.0,25,8,3,5
0.0,8,9,1,5
0.0,12,8,4,4
0.0,14,12,9,5
0.0,20,6,7,4
0.0,5,10,3,4
20.58,19,6,9,4
316.73,10,7,14,5
0.0,9,6,4,1
6.35,13,8,6,2
0.0,9,10,3,5
0.0,14,11,12,4
0.0,9,7,5,1
84.41,18,9,6,4
0.0,14,4,12,3
96.31,12,8,5,3
12.27,14,8,7,4
34.0,15,8,6,4
0.0,16,7,8,5
0.0,7,8,11,4
0.0,21,10,12,5
83.72,16,10,9,3
0.0,11,8,4,4
14.17,10,12,7,1
0.0,6,6,3,3
0.0,20,7,8,4
0.0,14,8,7,5
0.0,14,3,4,5
0.0,23,11,5,4
0.0,21,7,8,1
42.29,16,11,4,2
0.0,6,13,7,4
0.0,13,12,5,2
0.0,9,10,4,3
77.81,15,8,7,5
90.74,8,9,5,4
0.0,8,8,6,5
0.0,17,8,6,2
3.12,15,7,9,5
0.0,40,11,5,4
13.26,10,9,6,3
0.0,26,9,5,3
73.89,21,9,6,5
0.0,21,8,6,4
351.12,14,7,7,5
8.84,20,5,6,3
0.0,24,10,3,5
0.0,3,9,15,5
0.0,11,6,9,3
0.0,2,12,13,3
0.0,29,6,12,4
0.0,24,10,11,4
29.1,13,11,3,4
0.0,26,5,2,5
0.0,9,8,3,4
0.0,8,12,11,4
0.0,15,8,17,5
247.59,13,16,4,3
0.0,11,7,14,1
0.0,6,10,2,5
7.9,8,7,4,4
0.0,7,9,1,4
0.0,15,7,5,1
0.0,19,7,8,5
0.0,14,7,4,3
0.0,7,5,2,4
0.0,18,13,5,5
0.0,22,12,4,3
8.76,23,9,9,3
452.29,6,13,15,4
167.6,8,7,10,5
0.0,15,11,8,5
562.62,25,9,5,3
0.0,16,7,13,5
0.0,20,11,7,3
0.0,22,11,9,3
0.0,8,10,11,2
0.0,20,12,5,5
0.0,15,9,3,5
0.0,18,8,3,3
28.11,52,11,6,5
0.0,10,7,9,2
0.0,8,12,8,3
0.0,11,7,3,4
0.0,18,14,2,4
2.06,4,9,7,1
106.84,26,14,5,5
0.0,8,10,3,5
0.0,10,5,7,2
0.0,18,11,7,5
3.95,9,10,14,2
3.04,13,3,14,3
7.07,3,12,11,4
0.0,15,12,6,5
0.0,7,10,7,5
44.69,30,6,5,3
0.0,11,10,10,5
0.0,9,7,4,3
0.0,19,6,6,5
0.0,8,5,2,4
0.0,23,10,1,5
0.0,14,11,10,2
0.0,18,9,6,5
0.0,24,8,12,2
509.58,1,7,5,5
0.0,9,6,5,4
23.21,18,5,8,2
0.0,3,4,14,3
0.0,19,7,3,4
0.0,7,6,16,4
0.0,6,12,5,5
0.0,3,11,6,4
0.0,40,9,10,4
33.04,14,6,3,4
0.0,3,8,4,3
0.0,7,7,8,3
0.0,18,8,4,5
0.0,38,11,12,4
0.0,5,9,4,5
0.0,15,12,9,4
104.02,17,13,3,5
30.15,35,9,4,5
0.0,18,8,6,5
0.0,18,7,2,2
0.0,8,6,6,5
0.0,9,11,9,5
0.0,15,14,5,3
0.0,5,8,11,4
0.0,7,7,5,1
26.94,36,10,5,5
35.51,7,6,7,4
54.66,6,10,8,3
0.0,8,6,10,4
0.0,38,9,4,3
36.56,9,14,4,5
0.0,15,6,3,5
0.0,7,8,2,4
5.45,4,6,3,4
0.0,5,7,7,5
0.0,5,8,6,5
336.46,10,8,8,4
0.0,41,10,3,4
0.0,15,10,4,2
0.0,5,10,12,4
3.76,17,9,9,1
0.0,1,7,9,5
3.7,8,13,7,5
0.0,4,11,3,4
0.0,7,10,8,5
0.0,7,10,3,4
0.0,34,12,9,3
0.0,23,8,4,4
0.0,25,8,5,4
0.0,22,5,5,4
0.0,10,9,6,4
0.0,14,7,9,5
0.0,21,8,6,4
0.0,18,8,12,4
0.0,10,7,6,3
0.0,7,9,7,1
0.0,2,11,9,4
0.0,7,11,4,3
0.0,18,7,8,4
0.0,25,4,3,3
2.66,1,7,4,3
0.0,9,13,10,3
14.42,10,7,5,4
0.0,10,7,5,5
32.54,11,8,4,3
0.0,9,12,3,5
0.0,8,7,4,5
0.0,21,10,4,4
0.0,11,7,9,5
123.39,12,7,7,3
0.0,10,14,9,2
0.0,26,5,7,5
0.0,10,8,4,1
11.27,13,4,3,3
0.0,13,17,7,5
0.0,23,7,12,2
0.0,11,9,9,2
0.0,20,10,6,4
508.86,14,8,5,3
5.92,22,11,7,3
0.0,8,8,4,2
0.0,16,10,7,3
0.0,14,14,6,4
43.45,18,8,3,5
0.0,13,4,9,5
0.0,11,12,3,5
0.0,13,8,3,5
0.0,13,6,11,3
0.0,14,8,6,2
0.0,12,16,3,5
0.0,11,13,4,5
0.0,6,10,13,5
19.94,6,11,6,2
0.0,18,9,16,1
0.0,16,9,5,3
0.0,15,8,3,5
996.36,19,10,5,5
39.36,11,15,3,3
0.0,12,3,3,1
21.32,17,10,4,3
0.0,15,8,7,5
0.0,11,8,3,4
0.0,10,11,13,4
6.62,9,5,5,5
0.0,1,12,7,5
0.0,24,9,9,4
0.0,11,8,15,4
0.0,19,9,5,3
0.0,10,11,11,5
24.39,11,4,3,4
0.0,31,13,3,4
0.0,5,10,7,5
37.52,14,9,5,4
0.0,21,11,5,2
0.0,16,11,3,4
0.0,9,8,5,5
0.0,17,7,6,2
45.24,6,11,11,4
0.0,25,9,5,5
0.0,14,6,1,1
0.0,14,10,6,4
10.92,8,8,5,3
46.78,10,9,5,5
52.33,27,9,7,5
24.22,15,11,3,4
0.0,13,7,8,3
0.0,10,7,3,4
0.0,11,10,7,5
0.0,8,7,3,5
0.0,6,15,5,5
0.0,3,10,4,4
0.0,21,12,9,2
0.0,9,4,2,4
0.0,16,12,5,5
0.0,17,8,4,3
0.0,17,12,5,5
0.0,4,7,4,4
0.0,7,8,2,5
0.0,9,11,8,5
0.0,42,8,3,4
0.0,22,12,7,5
0.0,10,7,4,4
0.0,24,10,3,5
0.0,17,17,2,5
0.0,16,9,5,4
0.0,15,9,4,3
0.0,19,5,12,4
0.0,19,8,3,5
4.81,17,10,3,5
0.0,27,8,4,3
0.0,17,11,8,5
0.0,9,5,7,5
0.0,6,12,12,4
13.73,19,5,16,5
0.0,7,6,5,3
0.0,18,14,8,5
0.0,9,8,11,4
25.02,15,6,7,2
0.0,5,7,7,5
0.0,9,10,10,3
80.1,32,7,9,3
7.83,27,5,6,1
0.0,12,8,8,3
0.0,23,11,9,3
0.0,21,5,18,1
0.0,17,10,5,3
5.82,12,10,8,5
5.08,17,8,3,3
0.0,8,9,5,4
0.0,11,8,12,5
0.0,8,10,5,3
126.42,22,8,6,5
0.0,5,11,8,4
0.0,6,9,9,4
0.0,13,6,6,5
14.83,20,11,5,3
0.0,9,12,6,4
90.09,10,12,11,4
48.01,22,10,6,5
0.0,9,5,6,3
63.83,7,10,7,5
0.0,8,8,3,2
0.0,14,10,8,3
0.0,16,10,12,3
0.0,55,16,5,4
0.0,17,10,3,2
12.79,15,10,4,5
25.4,11,15,13,3
44.4,14,11,6,3
22.68,5,11,5,5
88.53,9,11,7,5
0.0,13,10,14,4
0.0,4,5,6,5
98.75,5,4,3,2
21.12,33,5,10,4
37.14,11,7,20,3
0.0,12,12,11,2
0.0,8,11,5,3
0.0,19,8,9,5
0.0,6,6,13,3
0.0,20,10,2,2
480.87,23,8,11,3
84.55,24,9,12,4
0.0,13,11,3,4
42.32,12,10,7,4
0.0,23,11,3,4
0.0,13,10,4,4
421.21,23,10,5,4
0.0,5,4,7,5
0.0,18,5,5,5
0.0,11,7,5,4
13.32,11,15,10,2
74.04,12,6,3,2
0.0,12,11,9,5
0.0,14,11,9,3
12.96,12,10,8,5
0.0,9,12,3,2
0.0,7,12,1,3
0.0,24,12,8,5
0.0,20,16,2,5
0.0,11,6,5,4
236.69,14,12,14,3
0.0,25,8,3,4
3.6,11,7,9,5
0.0,3,4,3,3
14.63,2,10,4,4
0.0,27,8,2,5
0.0,16,9,2,1
154.67,8,5,8,1
0.0,4,13,5,5
0.0,4,6,7,1
0.0,15,10,6,5
52.74,25,9,7,5
86.7,14,10,9,2
0.0,13,13,5,4
0.0,12,12,14,3
16.33,6,10,5,4
422.21,8,15,4,5
0.0,9,7,3,3
467.08,46,6,8,5
139.35,9,9,14,4
0.0,4,9,1,3
0.0,10,7,7,1
0.0,7,10,7,5
0.0,23,9,7,4
0.0,14,11,3,5
0.0,12,15,8,5
0.0,6,10,11,4
0.0,17,7,4,4
0.0,13,7,7,1
0.0,5,12,19,5
0.0,20,11,6,4
0.0,8,3,4,5
0.0,31,8,3,2
0.0,12,5,13,4
0.0,11,9,3,4
0.0,7,9,4,4
89.14,14,10,2,4
0.0,14,9,5,4
3.41,34,10,3,4
0.0,9,11,8,3
0.0,8,8,5,4
5.68,17,10,7,4
0.0,13,6,2,4
0.0,6,7,10,3
0.0,18,8,10,5
0.0,8,9,2,4
0.0,8,12,7,5
0.0,11,9,3,4
13.26,7,8,4,4
0.0,2,10,16,1
0.0,16,9,3,4
0.0,11,8,7,4
0.0,3,11,6,4
0.0,10,12,5,5
0.0,6,10,3,3
0.0,9,12,8,5
0.0,16,11,12,5
28.55,22,5,7,5
0.0,5,5,3,5
0.0,3,11,7,4
32.31,12,11,13,4
0.0,23,8,3,5
50.76,27,13,11,5
0.0,7,11,5,4
0.0,24,12,5,1
0.0,12,5,7,5
0.0,24,13,4,4
0.0,6,7,9,5
430.41,21,11,5,5
0.0,10,9,7,4
0.0,15,14,3,4
11.14,9,5,6,4
17.46,5,5,4,5
0.0,6,15,8,5
28.61,6,5,9,3
123.1,7,7,5,5
0.0,18,11,6,5
0.0,22,8,9,4
0.0,8,8,10,4
0.0,19,15,6,5
331.89,4,8,6,5
0.0,7,11,5,2
0.0,12,12,8,5
0.0,10,9,11,4
0.0,11,10,4,5
5.33,18,4,6,5
16.39,9,14,2,3
36.46,16,9,2,3
0.0,11,10,4,4
2.11,8,9,12,4
0.0,11,9,9,1
0.0,7,12,7,4
66.19,21,11,10,4
0.0,11,9,7,5
9.0,10,10,7,4
0.0,24,8,4,4
11.31,7,10,4,3
0.0,7,8,2,4
0.0,14,12,4,5
0.0,6,11,3,4
0.0,13,8,11,4
14.81,12,5,7,5
27.17,8,3,8,4
0.0,12,11,5,2
0.0,8,10,7,4
0.0,23,9,8,5
8.91,24,7,16,1
0.0,16,9,8,5
0.0,18,15,8,4
0.0,12,7,10,5
104.35,32,8,4,4
0.0,12,8,3,4
346.78,20,8,8,5
0.0,18,6,9,4
148.17,15,8,7,5
0.0,6,13,4,5
0.0,7,7,7,5
0.0,16,10,6,4
0.0,9,5,7,3
0.0,25,9,8,4
0.0,3,12,13,5
27.85,18,15,10,1
0.0,20,10,11,3
0.0,48,11,4,4
0.0,14,10,1,4
379.74,17,10,5,3
19.64,12,2,21,4
37.01,22,13,7,4
0.0,6,8,5,4
0.0,8,8,4,5
25.4,14,9,4,3
0.0,5,7,4,5
0.0,11,13,4,2
0.0,6,7,9,4
0.0,19,8,6,5
0.0,8,8,7,5
0.0,19,7,5,4
53.31,10,4,6,5
0.0,4,4,3,5
21.1,22,7,7,4
0.0,18,5,3,3
0.0,11,10,3,3
20.53,17,14,5,5
0.0,5,9,5,2
3.85,18,9,4,5
0.0,25,8,8,5
102.2,22,4,4,3
0.0,20,11,5,5
0.0,9,13,5,4
42.5,19,15,6,2
0.0,6,9,8,5
92.29,18,11,11,5
0.0,30,9,10,5
0.0,24,8,2,4
43.99,8,8,5,4
11.0,15,12,5,5
0.0,30,16,3,2
0.0,12,8,3,2
0.0,17,10,11,4
0.0,13,12,8,4
21.46,6,6,1,3
0.0,9,10,7,4
381.24,13,11,12,5
0.0,5,9,8,5
0.0,16,6,5,1
0.0,25,9,8,4
0.0,1,8,10,1
0.0,16,6,10,5
0.0,18,8,3,5
0.0,12,12,4,5
13.55,22,7,4,5
7.17,15,8,3,4
0.0,19,7,2,4
17.83,4,7,8,4
4.77,12,7,2,5
263.86,4,14,2,4
0.0,8,5,6,3
0.0,23,7,2,5
0.0,9,9,4,2
0.0,19,10,6,5
0.0,15,10,9,5
372.17,15,9,8,4
0.0,9,9,6,1
0.0,10,4,8,5
0.0,31,13,9,3
0.0,7,8,5,4
0.0,17,8,6,5
0.0,27,9,5,4
0.0,5,8,4,4
0.0,11,10,4,2
93.97,2,8,11,5
20.24,9,12,3,3
43.75,30,14,6,5
0.0,17,5,9,4
0.0,17,9,5,5
27.15,13,15,2,4
117.64,39,8,5,3
253.45,5,8,10,2
0.0,2,11,9,3
0.0,12,4,10,5
262.29,11,12,12,2
0.0,18,7,6,5
0.0,11,5,9,2
0.0,9,12,9,5
0.0,3,7,5,2
15.05,32,7,13,4
0.0,7,13,4,4
0.0,13,8,7,2
0.0,17,6,5,1
0.0,15,8,9,4
0.0,10,6,5,5
0.0,9,7,8,2
0.0,5,4,13,2
31.93,23,4,7,5
0.0,9,10,13,1
0.0,7,5,17,5
0.0,8,11,5,4
6.05,24,12,8,5
1.5,15,8,5,5
0.0,12,9,4,2
0.0,14,12,4,5
0.0,22,8,4,4
0.0,8,5,8,3
20.96,24,16,4,2
0.0,44,11,3,5
0.0,27,6,3,3
3.72,8,16,4,3
0.0,12,18,9,4
4.88,7,8,10,4
0.0,10,9,4,5
0.0,25,7,13,5
0.0,7,10,1,3
0.0,10,11,5,2
0.0,13,10,11,2
0.0,11,11,13,4
18.4,15,8,6,4
0.0,14,9,17,5
0.0,22,9,7,1
8.78,9,16,10,4
0.0,16,8,7,5
0.0,13,9,9,4
0.0,16,8,3,5
0.0,29,8,6,5
0.0,4,8,8,4
0.0,9,17,14,5
0.0,34,10,1,4
0.0,43,13,7,4
0.0,12,12,5,5
0.0,6,16,6,2
18.95,18,8,2,4
13.41,10,12,17,4
0.0,10,11,8,5
260.31,10,9,3,3
0.0,20,7,4,2
6.91,18,14,1,5
0.0,12,5,3,4
0.0,29,6,3,5
15.68,3,10,4,4
0.0,20,6,6,4
0.0,25,6,2,4
144.72,14,4,4,5
19.86,12,8,2,2
0.0,13,5,9,4
0.0,3,10,6,4
0.0,25,13,11,3
0.0,15,11,9,4
5.97,5,7,3,5
0.0,22,11,9,5
46.39,15,9,1,2
0.0,14,7,10,5
0.0,34,10,7,4
13.89,6,5,5,2
0.0,22,10,15,4
0.0,13,10,13,5
0.0,28,9,4,5
0.0,4,3,4,4
0.0,17,8,11,4
16.67,9,16,8,1
0.0,18,11,4,3
0.0,4,8,7,5
0.0,19,12,4,5
0.0,29,9,3,4
0.0,28,8,6,4
0.0,9,6,3,4
0.0,18,8,1,2
0.0,22,8,2,5
0.0,17,6,10,5
0.0,21,13,3,4
0.0,6,11,6,4
0.0,10,11,5,5
0.0,19,9,2,5
0.0,25,10,3,4
0.0,21,8,3,5
0.0,7,5,11,4
0.0,10,13,11,5
0.0,23,11,3,1
0.0,13,8,7,5
54.13,3,8,2,1
12.61,25,11,5,4
0.0,27,10,4,5
0.0,23,4,5,4
34.59,12,9,6,3
0.0,49,12,6,4
0.0,9,4,11,4
35.54,15,7,6,5
0.0,9,8,3,5
866.9,14,5,3,5
0.0,10,14,3,4
48.75,7,6,3,5
23.57,2,10,14,2
0.0,6,9,9,4
0.0,13,10,11,4
4.0,16,6,5,5
0.0,16,11,3,5
9.61,33,5,11,5
0.0,20,10,6,5
0.0,6,8,6,4
0.0,17,12,3,5
0.0,12,8,7,5
4.8,27,8,4,5
0.0,24,13,14,4
0.0,9,10,10,4
155.21,38,8,5,2
22.26,9,6,5,5
0.0,16,10,5,4
0.0,9,7,22,3
90.83,25,4,9,5
6.69,15,11,4,3
0.0,16,7,4,5
129.56,12,9,8,4
0.0,19,9,5,2
0.0,26,4,9,2
0.0,24,8,6,4
0.0,19,7,11,1
0.0,4,8,4,3
0.0,25,10,3,5
0.0,23,5,2,5
44.46,20,15,4,2
0.0,4,13,4,5
0.0,10,5,3,2
51.08,19,13,2,4
0.0,18,13,3,4
47.29,18,11,8,2
0.0,24,5,9,5
198.8,33,12,9,5
0.0,3,11,9,4
0.0,4,6,3,4
94.03,20,10,9,4
0.0,23,11,2,4
0.0,24,10,12,5
12.37,20,11,20,5
0.0,39,7,12,4
0.0,5,4,5,4
0.0,21,8,9,4
136.24,13,8,3,4
0.0,35,10,7,4
0.0,16,5,11,4
0.0,6,8,4,4
0.0,10,9,4,4
0.0,27,8,7,4
0.0,15,6,24,4
0.0,17,10,12,5
3.62,13,8,10,5
0.0,17,5,10,5
0.0,12,9,7,4
0.0,20,7,5,5
0.0,5,6,7,4
0.0,14,9,7,2
0.0,34,8,4,5
0.0,10,13,4,3
0.0,11,12,3,3
140.13,25,10,4,5
61.76,38,6,11,4
31.6,21,6,5,5
0.0,4,7,9,5
0.0,14,13,11,5
0.0,16,10,4,4
0.0,12,8,12,5
11.8,4,5,7,5
0.0,20,12,4,5
21.1,15,14,4,3
0.0,24,14,7,5
0.0,6,10,4,4
0.0,11,10,5,4
0.0,4,6,9,5
65.94,18,9,2,4
0.0,2,6,7,4
0.0,16,5,9,5
0.0,33,9,8,3
0.0,13,8,7,4
0.0,9,8,6,1
22.87,26,7,7,3
0.0,16,7,7,4
0.0,7,9,2,4
0.0,24,10,10,3
373.38,13,9,5,5
0.0,18,10,3,3
95.49,5,7,6,5
10.02,4,16,5,5
16.16,11,4,3,5
0.0,1,5,5,5
0.0,5,11,6,4
0.0,9,5,2,4
0.0,10,12,4,5
0.0,4,8,7,5
32.03,10,16,11,5
13.67,24,10,11,4
0.0,12,7,5,4
0.0,24,8,13,5
7.88,18,7,6,4
0.0,6,10,10,1
0.0,8,9,4,5
0.0,6,9,4,1
0.0,7,12,13,3
0.0,18,7,8,5
163.06,23,8,6,5
0.0,12,7,8,2
0.0,12,7,4,5
47.92,16,11,6,5
0.0,13,12,6,3
157.24,22,7,4,3
1.8,6,13,5,3
0.0,9,11,8,5
0.0,5,13,9,4
44.74,11,10,10,5
5.85,15,10,9,5
296.67,8,9,3,5
0.0,11,8,6,5
0.0,19,7,9,4
0.0,18,8,5,5
0.0,11,11,2,4
0.0,16,10,6,5
0.0,2,12,5,4
14.82,10,11,12,5
0.0,20,8,8,3
0.0,26,10,7,3
45.68,26,9,10,5
0.0,9,10,4,1
0.0,8,11,3,3
0.0,14,14,9,4
0.0,10,12,3,4
0.0,27,9,8,5
6.87,16,11,5,5
8.99,19,7,3,4
0.0,17,8,4,5
227.52,14,6,8,4
0.0,17,9,7,5
45.69,13,10,8,5
19.69,19,10,9,4
31.62,16,12,4,3
0.0,18,8,6,4
535.59,14,8,4,2
48.78,22,9,7,4
0.0,8,6,4,2
0.0,4,8,5,5
0.0,17,7,9,5
0.0,19,5,6,4
0.0,22,8,7,4
0.0,13,9,5,4
0.0,13,8,9,1
0.0,12,6,6,5
0.0,18,11,6,5
0.0,14,4,2,5
80.41,24,7,4,1
0.0,7,12,12,4
15.68,5,10,2,5
0.0,14,11,3,5
92.72,15,7,5,4
0.0,9,12,5,4
0.0,23,11,7,5
0.0,48,7,5,3
0.0,7,7,11,5
5.81,18,13,6,5
0.0,24,6,5,2
1.96,6,15,8,5
0.0,22,5,7,5
0.0,12,10,3,5
0.0,9,9,6,4
6.68,13,5,11,4
0.0,14,6,3,5
0.0,43,13,6,4
0.0,19,7,17,2
0.0,29,6,7,5
62.65,46,8,7,2
0.0,35,9,8,4
0.0,10,6,3,5
0.0,15,9,3,4
0.0,25,6,2,5
0.0,26,8,10,4
13.87,20,6,18,4
0.0,8,12,8,4
0.0,3,7,2,3
0.0,3,8,8,4
0.0,4,5,8,5
0.0,7,10,9,3
0.0,22,12,2,4
0.0,8,12,9,5
57.9,15,17,5,5
0.0,11,12,4,3
0.0,4,10,2,4
0.0,26,11,7,4
55.23,8,5,10,5
46.14,23,11,1,2
0.0,37,7,5,1
71.76,8,7,7,5
0.0,12,9,16,5
0.0,25,6,7,3
0.0,12,9,5,3
0.0,33,7,8,3
9.91,28,9,6,5
0.0,15,6,3,2
0.0,10,6,7,4
8.48,13,8,5,4
0.0,16,10,3,5
40.88,2,5,15,5
28.83,7,4,4,3
0.0,12,11,6,5
0.0,19,11,2,5
9.46,10,11,12,3
0.0,11,11,6,5
14.06,7,10,4,3
143.83,18,4,2,3
0.0,21,10,8,4
0.0,29,15,7,5
0.0,4,8,9,4
21.25,13,6,2,5
0.0,11,4,9,5
35.91,15,4,7,4
0.0,25,11,6,5
0.0,29,9,4,5
15.51,13,9,7,2
0.0,28,11,5,5
0.0,13,11,10,3
0.0,7,15,9,4
5.25,15,9,2,4
0.0,21,8,5,2
0.0,20,8,11,3
0.0,12,8,14,5
0.0,9,6,7,1
0.0,11,8,9,4
0.0,7,12,7,5
16.55,39,9,5,3
0.0,9,10,2,5
0.0,12,7,7,5
0.0,1,4,10,4
0.0,22,4,5,2
0.0,16,11,5,4
0.0,12,7,5,4
0.0,14,3,2,3
73.79,16,10,2,5
0.0,6,7,4,5
0.0,25,16,8,4
28.35,31,14,9,3
0.0,14,6,8,2
15.65,11,10,3,3
0.0,3,4,4,4
0.0,7,6,4,4
0.0,16,9,8,5
0.0,24,7,4,3
0.0,15,7,5,3
68.6,18,11,6,5
0.0,11,12,4,5
20.4,22,10,4,5
0.0,24,6,4,5
0.0,23,9,2,4
214.72,10,11,7,3
0.0,13,10,3,5
0.0,11,13,4,5
0.0,7,12,6,5
0.0,13,12,9,1
0.0,11,10,8,5
0.0,24,15,8,4
601.72,5,9,7,4
0.0,4,8,3,5
7.88,10,8,4,5
0.0,11,10,6,4
12.95,22,7,6,4
0.0,10,10,11,5
0.0,5,9,4,1
11.72,5,6,2,1
27.3,17,10,9,1
0.0,13,9,6,4
5.27,38,10,5,4
0.0,20,12,5,4
21.72,8,9,5,5
